Player Name,Team,Rating,Total Rating,Goals,Assists,Expected Goals,Expected Assists,Accurate Passes,Inaccurate Passes,Total Passes,Successful Dribbles,Yellow Cards,Red Cards,Shots On Target,Total Shots,Minutes Played,Appearances,ID
robert-lewandowski,Barcelona,7.2205882352941,245.5,18,8,17.7236,3.2320158,390,155,545,22,5,0,42,93,2696,34,41789
lamine-yamal,Barcelona,7.3416666666667,264.3,5,5,5.1972,6.46562375,837,161,998,67,3,0,20,57,2135,36,1402912
joao-felix,Barcelona,7.048275862069,204.4,7,3,8.5718,2.56749841,516,101,617,29,3,0,24,59,1520,29,851671
raphinha,Barcelona,7.2821428571429,203.9,6,9,7.3826,4.99490999,475,112,587,24,4,1,22,59,1379,28,831005
vitor-roque,Barcelona,6.5076923076923,84.6,2,0,2.5387,0.04029001,45,14,59,4,2,1,6,13,304,13,1150391
ferran-torres,Barcelona,6.9259259259259,187.0,7,2,5.5106,1.80653551,325,82,407,10,2,0,15,38,1185,28,855833
pedri,Barcelona,7.2217391304348,166.1,4,2,2.5708,3.9504189,955,137,1092,15,3,0,6,13,1397,23,992587
frenkie-de-jong,Barcelona,7.445,148.9,2,0,0.6997,4.8796073,1526,113,1639,13,7,0,4,7,1637,20,795222
gavi,Barcelona,7.1333333333333,85.6,1,1,0.9486,1.37264491,481,45,526,12,5,0,4,9,943,12,1103693
ilkay-gundogan,Barcelona,7.48,261.8,5,8,7.2988,9.78016149,2005,212,2217,34,5,0,17,43,2907,35,45853
fermin-lopez,Barcelona,6.8965517241379,200.0,7,0,7.5215,1.03942503,479,87,566,21,2,0,24,49,1376,30,1153270
oriol-romeu,Barcelona,6.84,171.0,0,1,0.7006,0.86125744,669,81,750,4,4,0,2,10,901,27,69416
marc-casado,Barcelona,6.85,13.7,0,0,,0.00347173,6,0,6,0,0,0,0,0,18,2,1000483
joao-cancelo,Barcelona,7.2322580645161,224.2,2,3,1.4802,6.13057972,1287,236,1523,58,6,0,9,30,2422,31,138892
ronald-araujo,Barcelona,7.028,175.7,1,2,2.1166,1.74412614,1423,165,1588,8,6,0,9,23,1994,25,925097
jules-kounde,Barcelona,7.1617647058824,243.5,1,2,2.0684,2.55348589,2231,223,2454,16,4,0,7,24,2809,34,827212
alejandro-balde,Barcelona,6.8444444444444,123.2,0,1,0.1465,1.50707323,592,77,669,20,1,0,1,5,1378,18,997035
andreas-christensen,Barcelona,6.8896551724138,199.8,2,2,0.9389,0.78907809,1436,89,1525,3,4,0,4,11,1945,29,186795
pau-cubarsi,Barcelona,7.0,126.0,0,0,0.0921,0.38415235,1289,119,1408,3,4,0,0,3,1472,18,1402913
sergi-roberto,Barcelona,7.0428571428571,98.6,3,2,1.675,0.76727121,570,61,631,3,4,0,4,10,863,14,123976
marcos-alonso,Barcelona,7.02,35.1,0,0,0.0951,0.32722638,153,19,172,3,0,0,2,3,250,5,69408
inigo-martinez,Barcelona,7.0105263157895,133.2,0,0,0.37,0.4563035,948,123,1071,0,5,0,1,8,1212,19,173883
fort-hector,Barcelona,6.75,40.5,0,2,0.0107,0.45944626,177,24,201,3,0,0,0,1,318,6,1402908
marc-andre-ter-stegen,Barcelona,7.1703703703704,193.6,0,0,0,0.06091193,788,101,889,0,3,0,0,0,2430,27,88625
inaki-pena,Barcelona,6.64,66.4,0,0,,0.00277791,213,38,251,0,0,0,0,0,900,10,794949
vinicius-junior,Real Madrid,7.36,184.0,15,5,12.818,4.28906445,467,129,596,63,7,0,38,76,1782,25,868812
rodrygo,Real Madrid,7.2969696969697,240.8,10,5,11.642,3.63286025,826,95,921,59,2,0,36,86,2298,33,910536
joselu,Real Madrid,6.8470588235294,232.8,10,2,11.5716,1.99769496,256,92,348,6,1,0,29,63,1680,34,69418
jude-bellingham,Real Madrid,8.0740740740741,218.0,19,6,11.0173,4.25704514,1285,150,1435,48,5,1,34,61,2234,27,991011
luka-modric,Real Madrid,7.358064516129,228.1,2,6,1.2848,4.7580484,1407,138,1545,20,2,0,10,24,1669,31,15466
arda-guler,Real Madrid,7.27,72.7,6,0,1.4436,0.54123787,179,24,203,11,1,0,6,15,390,10,1091116
toni-kroos,Real Madrid,7.61875,243.8,1,8,1.5828,5.73381272,2134,124,2258,5,3,0,12,34,2048,32,26502
federico-valverde,Real Madrid,7.3888888888889,266.0,2,7,3.5006,3.34691765,1832,178,2010,22,2,0,19,55,2820,36,831808
camavinga-eduardo,Real Madrid,7.1866666666667,215.6,0,2,0.9203,1.69870148,1129,108,1237,35,9,0,7,17,1750,30,973887
aurelien-tchouameni,Real Madrid,7.1814814814815,193.9,3,1,1.2526,1.4459605,1371,119,1490,6,7,0,7,27,1992,27,859025
brahim-diaz,Real Madrid,7.2,216.0,8,6,5.6762,4.66331376,607,90,697,55,0,0,17,38,1582,31,835485
dani-ceballos,Real Madrid,6.7705882352941,115.1,0,2,0.3279,1.03820455,475,47,522,5,2,0,1,7,602,19,547838
antonio-rudiger,Real Madrid,6.928125,221.7,1,0,1.3982,1.02166937,1568,173,1741,1,7,0,2,17,2617,32,142622
eder-militao,Real Madrid,6.8571428571429,48.0,0,0,0.1205,0.0381347,282,30,312,0,0,0,2,2,471,9,822519
daniel-carvajal,Real Madrid,7.2384615384615,188.2,4,3,1.6194,3.08748235,1074,154,1228,9,2,1,10,17,2109,27,138572
david-alaba,Real Madrid,7.1142857142857,99.6,0,1,0.9627,0.76605241,803,75,878,0,2,0,4,14,1156,14,66492
ferland-mendy,Real Madrid,6.9227272727273,152.3,0,0,0.1029,0.68936467,1013,63,1076,13,5,0,0,3,1644,22,792073
nacho-fernandez,Real Madrid,6.875,192.5,0,1,0.4888,0.85352874,1126,93,1219,2,3,2,1,5,1701,28,69404
lucas-vazquez,Real Madrid,7.2518518518519,195.8,3,6,1.1707,3.51405497,798,105,903,23,0,0,7,12,1426,28,255239
fran-garcia,Real Madrid,6.95,166.8,1,5,0.5086,1.83855494,722,91,813,8,2,0,1,9,1409,25,851271
thibaut-courtois,Real Madrid,8.2666666666667,24.8,0,0,,0.01707808,70,10,80,0,0,0,0,0,270,3,70988
andriy-lunin,Real Madrid,7.1952380952381,151.1,0,0,0,0.00861744,485,84,569,0,2,0,0,0,1890,21,857574
kepa-arrizabalaga,Real Madrid,7.0615384615385,91.8,0,0,0,0.00470935,326,70,396,0,1,0,0,0,1170,13,232422
antoine-griezmann,Atlético Madrid,7.459375,238.7,16,6,12.4435,5.74941775,1000,211,1211,22,5,0,34,79,2564,32,85859
memphis-depay,Atlético Madrid,6.8090909090909,149.8,5,1,5.7623,1.60878928,188,59,247,18,2,0,15,38,894,23,138833
alvaro-morata,Atlético Madrid,6.9870967741935,216.6,15,2,13.3593,1.22577743,262,108,370,17,2,1,34,66,1894,31,125407
angel-correa,Atlético Madrid,7.0193548387097,217.6,9,2,7.7977,3.46169233,357,94,451,26,3,0,20,41,1462,31,316152
samuel-lino,Atlético Madrid,7.2,237.6,3,5,4.6098,3.42812311,751,150,901,40,0,0,20,50,2017,33,874705
rodrigo-de-paul,Atlético Madrid,7.2515151515152,239.3,3,5,1.8102,5.78935474,1236,205,1441,26,7,0,12,30,2014,33,249399
marcos-llorente,Atlético Madrid,6.9666666666667,250.8,6,3,4.0615,4.2364933,855,168,1023,10,5,0,17,28,2480,36,353138
koke,Atlético Madrid,7.0424242424242,232.4,0,4,0.4174,2.83876056,1989,199,2188,5,4,0,2,10,2412,34,84539
saul-niguez,Atlético Madrid,6.95,222.4,1,5,1.4741,2.06040423,538,117,655,8,8,0,4,16,1352,33,116955
arthur-vermeeren,Atlético Madrid,6.5,26.0,0,0,,0.01956318,57,14,71,0,1,0,0,0,101,4,1149127
thomas-lemar,Atlético Madrid,6.6333333333333,19.9,0,0,0.1638,0.0772158,69,8,77,1,0,0,0,2,166,3,191182
rodrigo-riquelme,Atlético Madrid,6.8757575757576,226.9,3,5,2.7374,3.65760301,451,118,569,23,1,0,16,37,1494,33,989113
pablo-barrios,Atlético Madrid,6.9875,167.7,0,1,0.926,1.02983448,724,119,843,35,5,0,7,17,1556,24,1142588
nahuel-molina,Atlético Madrid,6.8166666666667,204.5,2,3,1.2729,2.17743768,783,235,1018,16,4,1,5,12,1856,30,831799
cesar-azpilicueta,Atlético Madrid,6.8608695652174,157.8,0,2,0.6468,1.93219076,753,123,876,1,4,0,2,2,1337,24,21555
axel-witsel,Atlético Madrid,6.9794117647059,237.3,2,0,0.9884,0.24022226,1645,141,1786,5,5,0,3,7,2694,34,35612
jose-maria-gimenez,Atlético Madrid,6.7952380952381,142.7,0,0,0.3913,0.06140433,530,83,613,2,5,0,1,7,1233,21,325355
reinildo-mandava,Atlético Madrid,6.9307692307692,90.1,1,1,0.3537,0.5157691,309,50,359,8,1,0,2,4,717,15,831424
mario-hermoso,Atlético Madrid,7.0333333333333,211.0,0,1,1.3977,1.06374096,1548,226,1774,11,9,0,4,17,2536,30,353130
stefan-savic,Atlético Madrid,6.7909090909091,149.4,0,0,0.3332,0.55470068,811,160,971,8,5,1,1,5,1635,23,76265
gabriel-paulista,Atlético Madrid,6.8045454545455,149.7,0,0,0.5415,0.31537752,939,146,1085,0,5,1,1,8,1806,23,124737
jan-oblak,Atlético Madrid,7.0054054054054,259.2,0,0,0,0.01994731,587,238,825,1,1,0,0,0,3330,37,69768
youssef-en-nesyri,Sevilla FC,6.93125,221.8,15,2,10.3171,0.83177248,192,108,300,10,4,0,29,69,2484,32,846470
mariano-diaz,Sevilla FC,6.65,53.2,0,0,1.1584,0.09400162,30,15,45,1,1,0,1,13,248,8,175753
alejo-veliz,Sevilla FC,6.475,25.9,0,0,0.2275,0.00398815,4,2,6,0,0,0,2,2,46,5,1116987
dodi-lukebakio,Sevilla FC,6.8818181818182,151.4,5,1,5.2541,1.02093164,244,49,293,30,0,0,16,38,1055,22,823631
rafa-mir,Sevilla FC,6.6933333333333,100.4,2,0,1.4265,0.09371746,60,25,85,2,1,0,7,15,404,15,825754
romero-isaac,Sevilla FC,6.8285714285714,95.6,4,4,7.288,1.03541462,145,47,192,13,2,0,17,42,1050,14,1018190
hannibal-mejbri,Sevilla FC,6.74,33.7,0,0,0.0104,0.18470668,40,8,48,3,2,0,0,1,107,6,1009386
lucas-ocampos,Sevilla FC,7.0735294117647,240.5,4,3,5.2079,3.79905413,696,254,950,48,8,0,23,63,2795,34,155702
erik-lamela,Sevilla FC,6.8416666666667,82.1,2,0,1.0019,0.67115188,135,22,157,7,3,0,4,9,491,13,122702
suso,Sevilla FC,7.0344827586207,204.0,1,4,1.376,4.93018268,645,111,756,27,5,1,6,26,1514,29,96370
adnan-januzaj,Sevilla FC,6.6875,53.5,0,0,0.5954,0.16869029,64,13,77,5,0,0,1,6,195,8,328145
boubakary-soumare,Sevilla FC,6.8592592592593,185.2,0,0,0.0232,0.49472975,1067,116,1183,19,10,0,0,1,2204,27,887581
lucien-agoume,Sevilla FC,6.8545454545455,75.4,0,0,0.6126,0.26660254,272,56,328,7,3,0,2,5,698,11,960006
djibril-sow,Sevilla FC,6.8166666666667,163.6,1,1,1.5098,1.12118949,578,96,674,5,5,0,5,18,1473,24,799054
oliver-torres,Sevilla FC,6.7846153846154,176.4,0,1,0.6255,2.54944225,691,134,825,11,3,0,3,9,1628,27,231776
joan-jordan,Sevilla FC,6.7833333333333,40.7,0,0,0.1828,0.11483421,209,28,237,1,1,0,1,6,378,8,591750
sergio-ramos,Sevilla FC,7.3407407407407,198.2,3,0,1.8503,0.37921338,1309,161,1470,5,7,1,11,27,2428,27,10710
marcos-acuna,Sevilla FC,6.9095238095238,145.1,1,2,0.3113,2.08962854,511,130,641,10,7,0,4,9,1296,21,578560
jesus-navas,Sevilla FC,6.8689655172414,199.2,0,2,0.146,2.75024539,737,203,940,13,6,1,2,7,2010,29,11869
nemanja-gudelj,Sevilla FC,6.9047619047619,145.0,1,1,0.7956,0.44486182,901,142,1043,4,7,0,3,19,1733,21,68332
tanguy-nianzou,Sevilla FC,6.5125,52.1,0,0,0.0305,0.02377286,134,17,151,2,3,0,0,1,331,8,1003007
loic-bade,Sevilla FC,7.0074074074074,189.2,0,1,0.9536,0.44194881,1069,224,1293,10,5,1,3,14,2204,27,1006489
marcao,Sevilla FC,6.76,33.8,0,0,,0.04878714,164,17,181,1,2,0,0,0,309,6,840951
juanlu-sanchez,Sevilla FC,6.8913043478261,158.5,0,2,0.8596,1.085813,425,87,512,23,2,0,2,11,1107,25,1010655
adria-pedrosa,Sevilla FC,6.8655172413793,199.1,1,4,0.6416,1.85154978,493,137,630,12,1,0,2,14,1680,30,928672
kike-salas,Sevilla FC,6.9227272727273,152.3,3,0,0.8452,0.58546736,742,197,939,0,9,0,5,16,1572,22,1097719
marko-dmitrovic,Sevilla FC,6.9538461538462,90.4,0,0,0,0.016043,222,101,323,1,1,0,0,0,1170,13,94527
orjan-nyland,Sevilla FC,7.0695652173913,162.6,0,0,0,0.0359518,359,291,650,0,1,0,0,0,2070,23,22209
abdessamad-ezzalzouli,Real Betis,6.692,167.3,1,0,3.0468,0.51395496,244,93,337,23,1,0,9,37,928,27,1011375
cedric-bakambu,Real Betis,6.55,26.2,0,0,0.4357,0.41823573,26,13,39,1,1,0,1,4,195,4,115665
willian-jose,Real Betis,7.0125,224.4,10,5,5.6731,1.62828844,393,104,497,5,0,1,24,48,1901,32,123223
chimy-avila,Real Betis,6.8695652173913,158.0,2,3,2.7533,2.79939293,256,101,357,7,5,3,9,36,1171,23,789381
isco,Real Betis,7.5206896551724,218.1,8,5,8.3004,6.35575127,1151,184,1335,76,10,0,26,64,2338,29,103417
nabil-fekir,Real Betis,7.1722222222222,129.1,1,2,2.2427,2.69532274,461,87,548,21,1,0,9,28,1049,19,337671
guido-rodriguez,Real Betis,7.0166666666667,168.4,2,0,0.6731,0.78789681,887,145,1032,10,6,0,7,18,1849,24,609752
william-carvalho,Real Betis,6.7772727272727,149.1,1,3,0.3804,0.67401216,559,68,627,4,2,0,3,8,684,22,137978
pablo-fornals,Real Betis,7.18,107.7,3,2,1.8197,1.9617167,474,131,605,11,2,0,6,17,1153,15,816763
ayoze-perez,Real Betis,7.1033333333333,213.1,9,1,7.3341,2.91491639,526,139,665,49,4,0,25,66,2217,30,345195
johnny,Real Betis,7.10625,113.7,1,2,0.9759,0.99517347,494,93,587,11,3,0,3,11,1241,16,990169
marc-roca,Real Betis,6.972,174.3,2,2,1.144,1.66854933,945,166,1111,9,5,0,7,20,1896,25,847128
assane-diao,Real Betis,6.6388888888889,119.5,2,0,2.4915,0.83255547,198,56,254,18,4,0,3,21,1056,18,1493689
rodri-sanchez,Real Betis,6.7285714285714,188.4,0,0,1.0475,2.19473982,386,79,465,24,0,0,5,17,1005,28,1031421
sergi-altimira,Real Betis,6.7454545454545,74.2,1,0,0.2081,0.30506121,283,28,311,6,1,0,2,7,554,13,1137814
chadi-riad,Real Betis,6.8,176.8,0,0,0.7282,0.2213661,1072,123,1195,0,1,0,5,11,2164,26,1064218
hector-bellerin,Real Betis,6.5363636363636,143.8,0,1,0,1.22970146,592,149,741,15,0,1,0,0,1624,22,188365
german-pezzella,Real Betis,6.946875,222.3,1,0,2.0278,0.26865836,1273,207,1480,3,7,0,5,23,2770,32,158241
youssouf-sabaly,Real Betis,6.6636363636364,73.3,0,1,0.1008,0.61993943,417,71,488,9,2,0,0,3,958,11,111803
sokratis,Real Betis,6.7142857142857,94.0,0,0,0.2114,0.10401473,486,65,551,0,5,0,1,1,1050,14,13108
juan-miranda,Real Betis,7.0,168.0,1,1,1.4895,2.1199885,724,154,878,7,8,0,5,14,1770,24,855829
marc-bartra,Real Betis,6.5666666666667,19.7,0,0,0.2075,0.02113337,101,15,116,2,1,0,0,3,225,3,99519
abner-vinicius,Real Betis,6.695652173913,154.0,0,1,0.121,1.02737855,493,116,609,7,3,0,0,4,1418,23,973838
aitor-ruibal,Real Betis,6.8941176470588,117.2,2,1,0.8606,0.75058348,372,101,473,27,5,0,2,13,1030,18,893062
claudio-bravo,Real Betis,7.2,50.4,0,0,0,0.12749051,156,43,199,0,0,0,0,0,630,7,13249
rui-silva,Real Betis,7.1214285714286,199.4,0,0,0,0.01841307,552,284,836,1,4,0,0,0,2475,28,253809
alexander-sorloth,Villarreal CF,7.2060606060606,237.8,23,6,12.2817,2.94650844,353,108,461,30,3,0,36,77,2474,33,309078
gerard-moreno,Villarreal CF,7.3466666666667,220.4,10,6,9.6832,4.61652218,766,197,963,43,0,0,21,63,2229,30,146866
goncalo-guedes,Villarreal CF,7.0375,112.6,3,2,2.2988,1.10058132,234,56,290,10,0,0,8,26,924,16,280979
jose-luis-morales,Villarreal CF,6.6535714285714,186.3,6,0,4.7165,0.82140387,140,45,185,8,0,0,10,22,994,28,344129
ilias-akhomach,Villarreal CF,6.7666666666667,203.0,2,2,3.171,2.51240033,353,86,439,56,4,0,7,30,1510,30,1089108
bertrand-traore,Villarreal CF,6.91,69.1,1,0,0.8479,0.50555984,136,31,167,8,3,0,7,18,484,10,218160
yeremy-pino,Villarreal CF,7.0285714285714,49.2,0,0,1.4243,0.49704241,131,27,158,9,4,0,4,9,479,7,984624
alejandro-baena,Villarreal CF,7.2484848484848,239.2,2,13,8.0281,9.22174799,804,223,1027,25,10,1,25,72,2536,33,910031
dani-parejo,Villarreal CF,7.146875,228.7,3,5,2.9284,4.00277987,1578,170,1748,19,4,0,6,12,2559,32,39182
denis-suarez,Villarreal CF,6.725,26.9,0,0,0.0908,0.60536817,76,13,89,5,0,0,0,1,138,4,138383
etienne-capoue,Villarreal CF,6.76875,216.6,1,1,1.0188,1.01900282,693,105,798,22,8,0,5,14,1466,32,16701
francis-coquelin,Villarreal CF,6.7529411764706,114.8,0,0,0.1108,0.61295098,378,51,429,3,4,0,0,3,919,17,40672
santi-comesana,Villarreal CF,6.75,175.5,2,0,1.8004,1.30306025,707,98,805,19,6,2,7,16,1571,26,843678
manu-trigueros,Villarreal CF,6.65,79.8,0,0,0.4516,0.16792902,100,18,118,0,0,0,3,5,252,13,153966
ramon-terrats,Villarreal CF,6.6647058823529,113.3,0,2,0.3691,1.18726143,306,53,359,10,4,0,1,8,722,18,1088565
aissa-mandi,Villarreal CF,6.76,101.4,1,0,0.634,0.41795874,603,55,658,0,3,0,2,4,1028,15,122810
juan-foyth,Villarreal CF,7.0,84.0,1,1,0.3912,0.85043623,477,99,576,20,1,0,2,6,1063,12,873189
eric-bailly,Villarreal CF,6.69,66.9,0,0,0.2282,0.04018133,337,46,383,7,4,0,0,2,838,10,606346
raul-albiol,Villarreal CF,6.8115384615385,177.1,0,1,0.4483,0.61569331,1092,173,1265,0,6,0,1,6,2035,26,3041
yerson-mosquera,Villarreal CF,7.0666666666667,106.0,2,1,1.0951,0.47957315,555,93,648,4,3,0,4,9,1147,15,1014835
alberto-moreno,Villarreal CF,6.7888888888889,183.3,2,2,0.7319,1.76547633,496,98,594,5,1,2,5,17,1497,27,229740
jorge-cuenca,Villarreal CF,6.8392857142857,191.5,3,1,1.2247,0.74683382,901,169,1070,7,7,0,7,20,1906,28,868715
alfonso-pedraza,Villarreal CF,6.6473684210526,126.3,1,3,0.6007,2.32381647,345,92,437,10,4,1,4,9,1119,19,797290
kiko-femenia,Villarreal CF,6.7863636363636,149.3,0,0,0.0108,0.70638132,751,131,882,6,6,1,0,1,1497,22,53739
pepe-reina,Villarreal CF,6.6,6.6,0,0,,0.00279089,23,8,31,0,2,1,0,0,90,1,26937
filip-jorgensen,Villarreal CF,7.2111111111111,259.6,0,0,0,0.0415946028,875,247,1122,1,4,0,0,0,3240,36,962053
andre-silva,Real Sociedad,6.6294117647059,112.7,3,0,3.3006,0.22228973,129,29,158,6,1,0,6,16,736,18,190159
mikel-oyarzabal,Real Sociedad,6.86875,219.8,9,3,9.0992,1.32974401,371,117,488,10,3,0,19,40,2135,32,823622
umar-sadiq,Real Sociedad,6.7076923076923,174.4,3,1,3.6403,0.93075901,128,52,180,31,4,0,10,33,1106,26,754710
sheraldo-becker,Real Sociedad,6.9285714285714,97.0,2,2,1.3415,1.78350849,130,44,174,4,1,0,9,19,690,14,352544
ander-barrenetxea,Real Sociedad,6.8148148148148,184.0,4,1,3.5123,0.82464126,341,134,475,37,1,0,12,37,1379,28,966862
carlos-fernandez,Real Sociedad,6.71,67.1,2,1,1.4966,0.202509595,44,38,82,3,3,0,4,9,411,10,782396
kubo-takefusa,Real Sociedad,7.4107142857143,207.5,7,4,3.4738,6.24132455,539,129,668,51,2,0,20,45,2065,29,880218
arsen-zakharyan,Real Sociedad,6.8035714285714,190.5,1,2,2.307,2.17918876,325,102,427,10,1,0,8,30,1175,28,1066045
martin-zubimendi,Real Sociedad,7.0645161290323,219.0,4,1,2.697,2.0138009,1318,208,1526,12,5,0,11,22,2655,31,966837
mikel-merino,Real Sociedad,7.21875,231.0,5,3,3.2992,2.76313889,1069,311,1380,24,10,0,11,30,2485,32,592010
brais-mendez,Real Sociedad,7.1903225806452,222.9,5,6,4.0226,4.37941219,853,204,1057,24,6,0,16,62,2330,31,845385
jon-aramburu,Real Sociedad,6.72,67.2,0,0,0.1429,0.09689928,209,44,253,2,3,0,0,4,532,10,1116388
benat-turrientes,Real Sociedad,6.7285714285714,188.4,0,1,1.164,0.52091288,555,88,643,21,4,0,10,22,1619,28,980410
jon-ander-olasagasti,Real Sociedad,6.675,80.1,0,0,0.8122,0.17184121,121,39,160,6,2,0,0,8,348,13,1010383
alvaro-odriozola,Real Sociedad,6.575,52.6,0,0,,0.2097049,167,21,188,2,0,0,0,0,397,9,353250
kieran-tierney,Real Sociedad,6.9263157894737,131.6,0,2,0.1897,1.09535554,530,141,671,6,1,0,0,2,1168,19,366592
hamari-traore,Real Sociedad,6.9166666666667,207.5,0,2,0.5418,2.2191657,989,184,1173,16,7,0,2,18,2206,30,362014
robin-le-normand,Real Sociedad,6.9724137931034,202.2,2,0,1.0855,0.78870788,1562,200,1762,1,13,0,5,8,2473,29,787751
javi-galan,Real Sociedad,6.8263157894737,129.7,0,1,0.138,1.0898797,445,99,544,20,4,0,1,3,1174,19,825133
igor-zubeldia,Real Sociedad,6.8466666666667,205.4,0,2,0.7605,0.80991156,1475,260,1735,4,11,1,0,12,2524,30,838159
aihen-munoz,Real Sociedad,6.8380952380952,143.6,0,2,0.2932,0.89581529691,391,115,506,10,2,0,2,7,1132,21,966441
aritz-elustondo,Real Sociedad,6.8928571428571,96.5,0,1,0.2591,0.08026255,305,49,354,2,2,0,2,6,726,14,785468
jon-pacheco,Real Sociedad,6.8380952380952,143.6,1,1,1.0574,0.334432199,929,141,1070,4,7,0,3,6,1440,22,934383
urko-gonzalez,Real Sociedad,6.575,26.3,0,0,0.0353,0.0395473,67,18,85,0,1,0,0,1,148,4,1064009
alex-remiro,Real Sociedad,7.1444444444444,257.2,0,0,0,0.06127094,837,287,1124,0,2,1,0,0,3186,36,791773
unai-marrero,Real Sociedad,6.65,13.3,0,0,,0.05263072,23,17,40,0,0,0,0,0,141,2,1094782
gorka-guruzeta,Athletic Club,7.190625,230.1,14,5,11.7074,1.76133927,418,183,601,19,2,0,31,64,2240,32,605672
asier-villalibre,Athletic Club,6.7235294117647,114.3,2,1,1.7249,0.66007855,85,30,115,4,0,0,6,12,463,17,355072
malcom-ares,Athletic Club,6.675,80.1,0,0,0.1045,0.07087378,79,14,93,15,2,0,0,4,272,12,1391487
inaki-williams,Athletic Club,7.3205882352941,248.9,12,3,9.4442,5.7614867,632,225,857,49,4,0,43,93,2855,34,783374
nico-williams,Athletic Club,7.0966666666667,212.9,4,11,5.1499,7.45763176,504,132,636,84,4,1,18,52,2190,30,1085400
ander-herrera,Athletic Club,6.9260869565217,159.3,0,3,0.7332,1.91072913,638,99,737,5,4,0,2,14,1023,23,82474
oihan-sancet,Athletic Club,6.92,207.6,4,5,6.2956,2.94116863,634,132,766,26,3,2,12,42,1991,30,966801
iker-muniain,Athletic Club,6.775,135.5,2,0,1.744,1.31164373,336,42,378,13,1,0,7,13,607,20,71707
alex-berenguer,Athletic Club,6.8666666666667,226.6,7,2,5.1543,3.32003277,308,118,426,20,4,0,12,31,1491,34,592012
raul-garcia,Athletic Club,6.5736842105263,124.9,1,0,0.9249,0.50588348,70,44,114,2,4,0,1,10,386,19,4581
mikel-vesga,Athletic Club,6.837037037037,184.6,3,1,2.7129,1.24667331,635,179,814,2,2,0,7,19,1545,27,359742
inigo-ruiz-de-galarreta,Athletic Club,6.9892857142857,195.7,1,1,0.3176,2.46533733,932,190,1122,20,6,0,2,10,2014,28,96365
dani-garcia,Athletic Club,6.68125,106.9,1,0,0.7724,0.19420294,252,44,296,1,4,0,3,6,652,16,298920
unai-gomez,Athletic Club,6.725,161.4,2,0,1.4152,0.7162876,185,46,231,11,1,0,8,15,845,24,1391375
benat-prados,Athletic Club,6.85,178.1,0,0,0.4863,1.00003732,652,130,782,12,1,0,4,7,1456,26,1012409
yuri-berchiche,Athletic Club,7.1384615384615,185.6,3,1,0.9034,2.01651504,859,168,1027,9,5,0,6,18,1872,26,84531
daniel-vivian,Athletic Club,6.925,221.6,0,0,0.6919,0.58787113,1427,261,1688,5,6,0,1,11,2834,32,910978
yeray-alvarez,Athletic Club,6.8055555555556,122.5,0,0,0.2757,0.35967993,560,124,684,2,1,1,2,7,1110,18,807648
oscar-de-marcos,Athletic Club,7.0464285714286,197.3,1,5,0.6317,3.36874787,973,199,1172,6,5,0,2,5,2261,28,52663
aitor-paredes,Athletic Club,6.7969696969697,224.3,1,0,1.1865,0.3558216,1305,210,1515,2,7,1,3,14,2626,33,959872
inigo-lekue,Athletic Club,6.7346153846154,175.1,0,2,0.167,0.86024535,806,192,998,18,4,0,0,5,1911,26,801837
imanol-garcia-de-albeniz,Athletic Club,6.6625,53.3,0,0,0.0149,0.2865354,209,41,250,4,2,0,0,1,492,8,1009662
unai-simon,Athletic Club,7.08,247.8,0,0,0,0.07935778,573,474,1047,0,2,0,0,0,3122,35,797291
julen-agirrezabala,Athletic Club,6.9333333333333,20.8,0,0,,0.0052481,42,25,67,0,0,0,0,0,208,3,1014412
roman-yaremchuk,Valencia CF,6.5782608695652,151.3,3,0,4.6401,0.22772484,141,62,203,5,2,0,9,18,941,25,829296
hugo-duro,Valencia CF,7.0138888888889,252.5,13,2,11.5354,0.6050613,401,151,552,13,4,0,29,66,2981,36,909119
peter-gonzalez,Valencia CF,6.7214285714286,94.1,0,0,1.6292,0.53069629,91,39,130,11,1,0,6,16,625,14,1048927
alberto-mari,Valencia CF,6.5928571428571,92.3,0,1,1.0128,0.72197777,31,18,49,1,0,0,2,5,222,15,990232
amallah-selim,Valencia CF,6.6789473684211,126.9,0,1,0.4164,0.34923261,120,40,160,18,3,1,5,11,633,20,801211
pepelu,Valencia CF,7.2444444444444,260.8,7,1,7.2759,4.48117713,1571,342,1913,12,4,0,12,35,3215,36,826948
andre-almeida,Valencia CF,6.8823529411765,117.0,2,1,0.3779,0.83589881,259,68,327,11,0,0,4,8,879,17,845693
javier-guerra,Valencia CF,6.7085714285714,234.8,4,1,2.6626,1.91369003,684,240,924,37,3,1,14,42,2481,35,1122610
hugo-guillamon,Valencia CF,6.648,166.2,1,0,0.2079,0.49668695,517,120,637,2,6,0,2,3,1248,25,855830
diego-lopez,Valencia CF,6.8314285714286,239.1,3,6,3.1454,2.28529832,466,214,680,26,2,0,15,37,2602,35,998950
sergi-canos,Valencia CF,6.832,170.8,1,2,2.4844,1.47080371,226,104,330,17,2,0,17,40,1165,26,790833
fran-perez,Valencia CF,6.640625,212.5,1,4,1.0697,2.12083052,423,106,529,40,4,0,2,20,2069,32,966637
mouctar-diakhaby,Valencia CF,6.9285714285714,97.0,1,0,0.7244,0.09344251,475,70,545,4,6,0,3,7,1071,14,797306
jose-luis-gaya,Valencia CF,6.925,166.2,1,2,0.4868,2.45564461,628,165,793,8,2,0,1,10,1797,24,227922
cenk-ozkacar,Valencia CF,6.7304347826087,154.8,0,0,0.256,0.29989659,679,152,831,3,3,0,3,6,1604,23,953097
correia-thierry,Valencia CF,6.8733333333333,206.2,0,2,0.6243,2.38158513,759,235,994,21,4,1,2,5,2093,30,851282
cristhian-mosquera,Valencia CF,6.8942857142857,241.3,0,0,0.6736,0.15014538,1399,180,1579,6,2,0,2,9,2984,35,1144630
gasiorowski-yarek,Valencia CF,6.7818181818182,74.6,0,0,0.0119,0.06590086,148,51,199,0,1,0,0,1,647,13,1184317
dimitri-foulquier,Valencia CF,6.6161290322581,205.1,0,0,0.6388,0.76189278,525,199,724,22,3,0,1,7,1743,32,151138
jesus-vazquez,Valencia CF,6.58,131.6,1,0,1.1581,0.17103144,120,59,179,6,1,0,2,7,727,20,996929
giorgi-mamardashvili,Valencia CF,7.1027777777778,255.7,0,0,0,0.07963554,440,502,942,0,3,1,0,0,3199,36,930997
jaume-domenech,Valencia CF,7.2,14.4,0,0,,0.00086315,11,18,29,0,0,0,0,0,79,2,235386
cristian-rivero,Valencia CF,6.7,6.7,0,0,,8.987e-05,9,5,14,0,0,0,0,0,56,1,914744
iago-aspas,Celta de Vigo,7.5264705882353,255.9,8,9,10.594,9.13864382,884,239,1123,29,6,1,27,77,2640,34,19356
jorgen-strand-larsen,Celta de Vigo,6.9333333333333,249.6,13,3,14.5508,2.0825287,414,174,588,29,5,0,35,82,2861,36,876599
douvikas-anastasios,Celta de Vigo,6.7793103448276,196.6,6,1,4.0868,0.63843626,96,59,155,9,2,0,13,23,878,31,894863
carles-perez,Celta de Vigo,6.725,107.6,1,1,1.1809,0.78764524,193,43,236,14,3,0,6,24,768,16,794950
miguel-rodriguez,Celta de Vigo,6.4916666666667,77.9,0,0,0.1419,0.13930224,50,14,64,3,2,0,0,5,241,14,1014118
jonathan-bamba,Celta de Vigo,6.9962962962963,188.9,3,2,2.9863,3.70029791,567,136,703,42,0,0,16,41,1993,27,595576
renato-tapia,Celta de Vigo,7.0473684210526,133.9,0,0,1.0173,0.67310086,522,160,682,27,3,1,1,19,1322,20,352376
franco-cervi,Celta de Vigo,6.8352941176471,116.2,0,1,0.4648,1.22862346,203,37,240,0,2,0,1,8,562,17,557008
williot-swedberg,Celta de Vigo,6.8692307692308,89.3,5,0,2.2724,0.54910457,72,23,95,7,1,0,6,12,384,14,1126779
luca-de-la-torre,Celta de Vigo,6.6866666666667,200.6,1,4,2.4533,1.49374531,619,124,743,11,2,1,8,24,1956,31,846492
fran-beltran,Celta de Vigo,6.7677419354839,209.8,0,0,0.7071,1.69675642,1113,166,1279,12,2,0,3,20,2354,32,835484
dotor-carlos,Celta de Vigo,6.6384615384615,86.3,0,0,0.1685,0.28455682,273,51,324,3,2,0,0,4,701,16,997221
jailson,Celta de Vigo,6.8571428571429,96.0,0,1,0.2004,0.44634109,405,78,483,6,1,0,3,5,893,14,794861
tadeo-allende,Celta de Vigo,6.5333333333333,58.8,1,0,1.4385,0.18083274,56,29,85,3,1,0,2,8,305,9,1108451
hugo-alvarez,Celta de Vigo,7.1583333333333,85.9,1,1,1.0441,1.77943754,318,54,372,16,1,0,4,12,781,12,1154935
hugo-sotelo,Celta de Vigo,6.8266666666667,102.4,0,1,0.2993,1.10710508,473,40,513,7,1,0,1,7,637,16,1120669
oscar-mingueza,Celta de Vigo,7.0081081081081,259.3,2,2,2.613,6.10360933,1224,290,1514,35,4,0,12,27,2912,37,859773
joseph-aidoo,Celta de Vigo,6.7166666666667,40.3,0,0,0.0995,0.03687235,142,39,181,2,0,0,0,3,416,6,796320
mihailo-ristic,Celta de Vigo,6.725,80.7,0,0,0.3451,0.47488824,291,98,389,7,2,0,4,10,807,12,363774
unai-nunez,Celta de Vigo,6.9352941176471,235.8,1,0,1.4401,1.03447231,1300,328,1628,10,4,0,5,22,2802,34,892521
manuel-sanchez,Celta de Vigo,6.792,169.8,0,5,0.4891,2.97100067,488,150,638,11,3,0,2,9,1786,26,984789
carl-starfelt,Celta de Vigo,6.9851851851852,188.6,1,0,1.4008,0.11235351,906,125,1031,0,4,0,5,12,2218,27,360718
javier-manquillo,Celta de Vigo,6.6363636363636,73.0,0,1,0.1058,0.44597931,305,56,361,4,3,0,0,1,746,12,210082
carlos-dominguez,Celta de Vigo,6.7571428571429,141.9,0,0,0.2769,0.2522736,635,167,802,2,2,0,0,5,1540,21,1069703
kevin-vazquez,Celta de Vigo,6.6181818181818,72.8,0,0,0.0373,0.35582812,184,68,252,3,3,0,1,2,653,11,795257
vicente-guaita,Celta de Vigo,7.0962962962963,191.6,0,0,,0.02230268,423,245,668,0,2,0,0,0,2402,27,32023
ivan-villar,Celta de Vigo,6.6272727272727,72.9,0,0,0,0.00993494,139,106,245,0,0,2,0,0,925,11,848980
borja-mayoral,Getafe CF,7.0407407407407,190.1,15,1,11.8635,1.324124,414,119,533,18,2,0,27,47,2162,27,604954
juanmi-latasa,Getafe CF,6.7870967741935,210.4,2,0,3.797,1.40863025,192,171,363,6,5,1,15,44,1565,32,966679
mason-greenwood,Getafe CF,7.134375,228.3,8,6,8.3954,4.25528421,719,164,883,71,6,0,33,95,2577,32,942116
ilaix-moriba,Getafe CF,6.75,94.5,0,2,0.3443,0.42150013,149,52,201,4,3,1,1,4,618,14,962890
carles-alena,Getafe CF,6.6464285714286,186.1,1,1,1.2436,1.03809802,287,65,352,6,6,0,5,16,993,28,794937
nemanja-maksimovic,Getafe CF,6.9527777777778,250.3,4,0,5.5098,1.58896864,802,182,984,6,4,0,15,34,3182,36,331449
oscar-rodriguez,Getafe CF,6.8428571428571,143.7,2,0,1.4521,1.30293514,299,88,387,12,9,0,9,31,900,23,794948
luis-milla,Getafe CF,7.04,176.0,0,1,0.604,2.06422981,928,182,1110,11,6,0,5,15,2056,26,811629
mauro-arambarri,Getafe CF,6.5714285714286,46.0,0,0,0.5234,0.1372219,111,24,135,2,2,0,2,9,337,7,385888
jaime-mata,Getafe CF,6.76875,216.6,5,1,5.3573,1.58149621,305,145,450,8,8,1,11,30,1717,34,351140
jose-angel-carmona,Getafe CF,6.5703703703704,177.4,1,1,0.8348,1.39169958,349,100,449,9,9,0,3,12,1316,29,1015240
yellu-santiago,Getafe CF,6.6416666666667,79.7,1,0,0.5915,0.23518402,135,37,172,3,4,0,2,5,639,13,1211005
alberto-risco,Getafe CF,6.6,19.8,0,0,,0.07987852,13,5,18,2,0,0,0,0,64,3,1841875
djene,Getafe CF,6.7125,214.8,0,0,0.1261,0.66982368,793,219,1012,18,12,1,1,6,2419,32,307702
omar-alderete,Getafe CF,6.7321428571429,188.5,0,1,1.2126,0.81966222,638,351,989,9,8,1,5,24,2104,30,805137
domingos-duarte,Getafe CF,6.4666666666667,97.0,0,0,0.2651,0.12561504,292,84,376,1,3,2,0,1,921,15,576276
diego-rico,Getafe CF,6.953125,222.5,0,7,0.3229,3.42579966,704,340,1044,11,10,0,5,18,2536,32,350560
gaston-alvarez,Getafe CF,6.7606060606061,223.1,1,0,0.6654,0.3586529,656,206,862,9,7,0,2,13,2463,33,980578
fabrizio-angileri,Getafe CF,6.675,53.4,0,0,0,0.85781832,59,30,89,2,2,1,0,0,184,11,311462
juan-iglesias,Getafe CF,6.8260869565217,157.0,0,2,0.5993,0.95536128,298,159,457,6,4,0,6,15,1419,23,949707
david-soria,Getafe CF,7.0918918918919,262.4,0,0,0,0.11394329,555,592,1147,0,3,0,0,0,3330,37,604258
ante-budimir,CA Osasuna,7.19375,230.2,16,2,13.8105,1.78688083,231,189,420,10,4,0,32,74,2395,32,37318
raul-garcia-de-haro,CA Osasuna,6.7088235294118,228.1,6,1,4.7095,0.80032528,184,106,290,6,4,0,11,30,1342,34,997280
jose-manuel-arnaiz,CA Osasuna,6.8090909090909,149.8,2,1,1.7482,1.59405495,217,51,268,11,2,0,9,29,919,25,824130
kike-barja,CA Osasuna,6.58,98.7,0,0,0.2239,0.38034711,78,12,90,11,3,0,2,4,314,16,591132
moi-gomez,CA Osasuna,6.9074074074074,186.5,3,0,1.7213,1.85843916,916,179,1095,17,3,0,8,19,1986,27,149370
ruben-garcia,CA Osasuna,6.9793103448276,202.4,3,2,2.2819,3.54494385,484,182,666,18,1,0,10,28,1553,30,260031
aimar-oroz,CA Osasuna,6.840625,218.9,2,1,3.4097,2.14376163,808,171,979,26,3,0,6,23,2270,32,985329
lucas-torro,CA Osasuna,6.8037037037037,183.7,1,0,1.4857,0.60428351,582,186,768,5,5,0,7,30,1730,27,187313
jon-moncayola,CA Osasuna,6.75,216.0,1,3,0.6079,2.46348209,741,170,911,6,2,1,5,16,1792,32,976141
iker-munoz,CA Osasuna,6.8538461538462,178.2,4,0,1.065,0.42690283,704,221,925,5,4,0,6,23,1766,27,1119586
pablo-ibanez-lumbreras,CA Osasuna,6.6774193548387,207.0,1,2,2.2235,1.09287235,318,95,413,8,5,0,7,26,1107,32,1084381
johan-mojica,CA Osasuna,6.7464285714286,188.9,0,3,1.0087,3.15607337,672,199,871,17,1,0,1,17,1951,29,344847
david-garcia,CA Osasuna,6.962962962963,188.0,0,1,0.9503,0.99308428,1101,224,1325,3,5,0,2,15,2336,27,591136
alejandro-catena,CA Osasuna,6.7689655172414,196.3,1,3,1.3009,1.03957475,1065,236,1301,3,8,1,4,17,2457,29,900792
ruben-pena,CA Osasuna,6.7571428571429,189.2,0,1,0.8631,2.43007012,477,191,668,34,2,0,4,16,2015,28,255973
jesus-areso,CA Osasuna,6.8861111111111,247.9,1,6,0.1495,2.80686334,731,178,909,43,3,0,2,8,2587,36,910267
juan-cruz,CA Osasuna,6.6192307692308,172.1,0,1,0.0439,0.62110513,612,139,751,3,3,0,0,3,1663,26,897902
unai-garcia,CA Osasuna,6.5375,52.3,1,0,0.1122,0.02080134,154,38,192,0,3,1,1,2,548,8,330675
herrando-jorge,CA Osasuna,6.6888888888889,120.4,0,0,0.3583,0.11173271,551,144,695,2,4,0,0,4,1554,18,944225
sergio-herrera,CA Osasuna,7.003125,224.1,0,0,0,0.08140526,670,412,1082,0,2,0,0,0,2870,32,294377
aitor-fernandez,CA Osasuna,6.5166666666667,39.1,0,0,0,0.01589601,93,54,147,0,2,0,0,0,460,6,99516
myrto-uzuni,Granada CF,6.75,229.5,11,1,12.9341,3.0170816,225,60,285,13,3,0,28,63,2459,34,895533
matias-arezo,Granada CF,6.6071428571429,92.5,0,0,1.1633,0.08768723,50,27,77,1,1,0,4,12,371,14,975814
lucas-boye,Granada CF,6.8,204.0,6,3,5.4435,2.00089633,429,150,579,51,8,1,13,53,2465,30,814385
jose-callejon,Granada CF,6.6583333333333,159.8,0,1,1.2124,1.18532805,249,55,304,2,1,0,4,11,764,24,40965
facundo-pellistri,Granada CF,6.8428571428571,95.8,2,1,2.4646,0.96585054,184,62,246,11,0,0,6,17,1159,14,989803
kamil-jozwiak,Granada CF,6.6636363636364,73.3,0,1,0.1234,0.64993495,125,46,171,8,2,0,1,4,591,11,814820
martin-hongla,Granada CF,6.4461538461538,83.8,0,0,0.1835,0.08579839,235,43,278,0,0,0,1,3,569,13,856062
gonzalo-villar,Granada CF,6.8558823529412,233.1,1,3,1.7952,2.14364498,755,144,899,23,7,0,5,21,1740,34,914765
gerard-gumbau,Granada CF,6.8454545454545,225.9,0,3,1.6863,4.0156958,1013,292,1305,10,12,0,9,42,2594,34,326471
faitout-maouassa,Granada CF,6.82,34.1,0,1,0.1316,0.40972907,27,18,45,1,0,0,0,4,192,5,801287
theo-corbeanu,Granada CF,6.6833333333333,40.1,1,0,0.3087,0.15166985,33,15,48,2,2,0,2,5,196,9,1121430
antonio-puertas,Granada CF,6.528,163.2,0,2,3.1845,0.57605654,144,41,185,15,3,1,5,19,777,27,316406
sergio-ruiz-alonso,Granada CF,6.85,232.9,0,4,0.6963,1.79260887,1043,183,1226,23,8,0,1,13,2420,34,857227
oscar-melendo,Granada CF,6.62,165.5,0,0,0.4431,1.04419378,324,71,395,11,2,0,2,6,1133,26,861317
jesus-vallejo,Granada CF,6.4333333333333,19.3,0,0,0,0.01643632,74,7,81,1,1,0,0,0,115,3,355048
kamil-piatkowski,Granada CF,6.3714285714286,44.6,0,0,0.7998,0.08014369,185,29,214,1,1,1,2,4,461,8,942335
bruno-mendez,Granada CF,6.825,109.2,2,0,0.6065,0.19768386,388,151,539,6,4,0,5,8,1318,16,923000
ricard-sanchez,Granada CF,6.690625,214.1,3,0,0.9509,2.72879303,582,185,767,19,7,0,5,14,2240,32,986726
neva-carlos,Granada CF,6.6638888888889,239.9,0,2,0.1067,1.37371979,964,300,1264,7,4,0,0,4,3152,36,914178
ignasi-miquel,Granada CF,6.7558823529412,229.7,1,1,1.3769,0.83816044,1261,276,1537,8,5,0,8,22,2991,34,144606
miguel-rubio,Granada CF,6.8055555555556,122.5,1,0,0.7796,0.11432378,600,151,751,4,5,0,2,8,1469,18,934351
raul-torrente,Granada CF,6.62,99.3,0,0,0.1559,0.23868006,584,153,737,0,4,0,0,3,1180,16,1134758
victor-diaz,Granada CF,6.25,25.0,0,0,0,0.00486899,45,24,69,1,1,0,0,0,161,4,141655
augusto-batalla,Granada CF,7.0764705882353,120.3,0,0,0.0224,0.07031965,368,242,610,3,3,0,0,1,1530,17,358910
raul-fernandez,Granada CF,6.35,25.4,0,0,0,0.00328552,59,36,95,0,0,0,0,0,281,4,31828
marc-martinez,Granada CF,7.35,14.7,0,0,,0.00652452,45,14,59,0,0,0,0,0,180,2,232548
sergio-rodelas,Granada CF,6.7,13.4,0,1,0.032,0.47661042,19,2,21,1,0,0,0,2,77,2,1526648
munir-el-haddadi,Las Palmas,6.7864864864865,251.1,3,2,4.317,2.75665344,559,137,696,21,3,0,12,43,2420,37,350170
sory-kaba,Las Palmas,6.51875,104.3,1,1,1.4633,0.40304064,110,47,157,11,2,0,1,13,748,17,869131
park-marvin,Las Palmas,6.6709677419355,206.8,0,2,0.9578,2.04810705,509,129,638,19,5,0,3,14,1852,31,960401
sandro-ramirez,Las Palmas,6.9423076923077,180.5,1,3,3.3827,2.9872451,473,96,569,20,3,0,18,49,1739,26,188407
marc-cardona,Las Palmas,6.775,162.6,3,1,3.7668,0.6088184,166,52,218,13,4,0,10,21,717,25,841854
maximo-perrone,Las Palmas,6.7448275862069,195.6,0,0,0.2374,1.15146761,1181,126,1307,11,6,0,3,7,1634,29,1086286
alberto-moleiro,Las Palmas,6.8037037037037,183.7,3,3,1.8829,2.63900574,542,122,664,52,0,0,8,30,1717,27,1012444
omenuke-mfulu,Las Palmas,6.66,33.3,0,0,0,0.02053349,53,7,60,1,1,0,0,0,92,5,552668
kirian-rodriguez,Las Palmas,7.1277777777778,256.6,6,2,2.0517,2.7919273,2627,311,2938,26,7,0,14,42,3127,36,964985
loiodice-enzo,Las Palmas,6.8290322580645,211.7,0,1,0.4985,1.83025692,910,172,1082,28,2,0,6,15,1767,33,933426
jose-campana,Las Palmas,6.6428571428571,46.5,0,0,0.0151,0.05362479,135,21,156,1,0,0,0,1,173,8,96373
javier-munoz,Las Palmas,6.7805555555556,244.1,2,3,2.5419,1.79980997,980,215,1195,14,6,0,9,38,2571,36,353154
pejino,Las Palmas,6.7235294117647,114.3,2,0,1.3049,0.51589664,158,38,196,15,1,0,8,17,523,17,925220
cristian-herrera,Las Palmas,6.6666666666667,40.0,1,0,0.8738,0.06533585,84,7,91,1,1,0,1,1,170,7,362032
benito-ramirez,Las Palmas,6.6,118.8,1,0,0.3742,0.28963587,111,28,139,2,0,0,3,10,360,19,868223
fabio-gonzalez,Las Palmas,6.7666666666667,20.3,0,0,,0.04389444,79,3,82,1,0,0,0,0,42,5,894477
julian-araujo,Las Palmas,6.9916666666667,167.8,1,0,0.6757,0.93390001,575,115,690,12,5,0,2,7,1462,25,978150
mika-marmol,Las Palmas,6.8571428571429,240.0,0,1,0.8587,1.06772106,2205,269,2474,16,4,1,0,3,3091,35,979146
sergi-cardona,Las Palmas,7.0971428571429,248.4,1,2,2.6694,3.66481811,1429,304,1733,17,10,0,5,26,2816,35,986245
saul-coco,Las Palmas,6.6892857142857,187.3,1,0,1.0521,0.15232852,1195,148,1343,3,6,1,4,20,2203,29,1089453
daley-sinkgraven,Las Palmas,6.4555555555556,58.1,0,0,0,0.06241578,206,30,236,0,0,1,0,0,377,10,377206
alex-suarez,Las Palmas,6.89,206.7,2,0,1.3628,0.59298945,1235,182,1417,11,7,0,5,7,2501,31,914848
eric-curbelo,Las Palmas,6.8,6.8,0,0,0,0.0018225,51,2,53,0,0,0,0,0,90,1,868227
alvaro-lemos,Las Palmas,6.6666666666667,20.0,0,0,0.0203,0.05774105,96,20,116,0,1,0,0,1,193,3,813645
alvaro-valles,Las Palmas,7.1611111111111,257.8,0,0,0,0.06005222,1325,359,1684,1,2,1,0,0,3174,36,964983
aaron-escandell,Las Palmas,6.2,12.4,0,0,,0.00221365,54,21,75,0,0,1,0,0,152,2,368922
darwin-machis,Cádiz CF,6.6666666666667,140.0,4,0,1.423,1.14260818,157,62,219,6,0,1,10,21,799,21,252863
maximiliano-gomez,Cádiz CF,6.6838709677419,207.2,0,0,1.597,0.49139324,130,103,233,4,2,0,6,16,1174,31,805245
juanmi,Cádiz CF,6.7866666666667,101.8,3,1,2.6894,0.52717071,174,43,217,9,3,0,7,14,846,15,96369
roger-marti,Cádiz CF,6.8954545454545,151.7,2,3,2.6305,1.20569442,201,99,300,2,3,0,12,30,1277,22,212074
chris-ramos,Cádiz CF,6.7783783783784,250.8,5,1,10.1142,1.41033306,269,198,467,18,5,0,27,76,2627,37,914819
sergi-guardiola,Cádiz CF,6.6727272727273,146.8,1,1,1.821,0.83931541,145,46,191,7,1,0,5,14,505,22,141945
diadie-samassekou,Cádiz CF,6.8,20.4,0,0,0.0281,0.01587879,30,1,31,0,0,0,1,1,61,3,796358
brian-ocampo,Cádiz CF,6.5833333333333,79.0,0,0,0.2207,0.15625543,55,27,82,8,2,0,1,4,172,12,941405
ruben-alcaraz,Cádiz CF,7.0057142857143,245.2,3,1,3.2403,1.58712383,1209,267,1476,10,13,0,12,46,3048,35,259339
robert-navarro,Cádiz CF,6.7962962962963,183.5,1,1,1.945,2.33653622,454,126,580,52,0,1,7,26,1818,27,944165
gonzalo-escalante,Cádiz CF,6.6375,159.3,1,2,1.9248,1.54764011,500,159,659,3,2,1,3,14,1638,24,316170
rominigue-kouame,Cádiz CF,6.8,102.0,0,0,0.2895,0.30111202,354,56,410,7,2,0,0,5,828,16,846446
ruben-sobrino,Cádiz CF,6.6741935483871,206.9,0,1,1.7852,1.72082618,371,117,488,16,8,1,3,21,1628,31,329563
alex-fernandez,Cádiz CF,6.744,168.6,0,0,0.2727,1.33872252,475,84,559,4,3,0,1,7,1246,25,148588
ivan-alejo,Cádiz CF,6.5733333333333,197.2,0,2,0.4906,2.7505395,195,109,304,24,17,0,2,11,1713,30,352486
fede-san-emeterio,Cádiz CF,6.625,26.5,1,0,0.0569,0.15988009,42,8,50,0,1,1,1,1,165,4,376382
jose-mari,Cádiz CF,6.6,13.2,0,0,0,0.00804161,16,4,20,0,1,0,0,0,27,3,141997
aiham-ousou,Cádiz CF,6.7,40.2,0,0,0.1726,0.24795388,141,38,179,1,0,0,0,2,429,6,965265
victor-chust,Cádiz CF,6.8090909090909,149.8,0,1,0.5319,0.24130402,828,199,1027,1,3,2,0,4,1870,22,855831
javier-hernandez,Cádiz CF,6.775,189.7,1,2,1.4584,2.75714733,666,244,910,13,9,0,8,30,2427,29,1031658
lucas-pires,Cádiz CF,6.7222222222222,181.5,1,0,0.7736,1.87176558,413,125,538,15,6,0,4,10,1455,27,1136896
fali,Cádiz CF,6.8310344827586,198.1,0,0,0.8056,0.23892664,745,231,976,3,11,0,3,11,2460,29,349794
mamadou-mbaye,Cádiz CF,6.8,27.2,0,0,0.3444,0.01396359,47,36,83,0,2,0,1,2,286,4,921621
iza-carcelen,Cádiz CF,6.7617647058824,229.9,0,0,0.5693,1.25900807,637,219,856,13,2,0,2,9,2622,34,800403
luis-hernandez,Cádiz CF,6.7555555555556,60.8,1,0,0.9533,0.43173673,238,65,303,0,4,0,1,1,730,9,260097
jorge-mere,Cádiz CF,6.64,66.4,0,0,0.1711,0.0400252,165,60,225,1,0,0,1,4,687,10,355046
joseba-zaldua,Cádiz CF,6.6545454545455,73.2,0,0,0.0137,0.87064043,96,50,146,1,3,0,0,1,633,12,347450
jeremias-ledesma,Cádiz CF,7.1970588235294,244.7,0,0,0,0.16242084,578,488,1066,2,0,0,0,0,3049,34,341097
david-gil,Cádiz CF,7.375,29.5,0,0,,0.01240351,50,58,108,0,1,0,0,0,281,4,138390
vedat-muriqi,RCD Mallorca,7.0928571428571,198.6,6,2,9.6356,1.80823135,401,228,629,13,5,0,24,64,2296,28,310874
cyle-larin,RCD Mallorca,6.7176470588235,228.4,3,2,9.0507,0.54363973,181,98,279,14,8,0,26,69,1796,34,790179
abdon-prats,RCD Mallorca,6.830303030303,225.4,6,1,3.1826,1.19593133,129,98,227,8,3,0,13,32,1218,33,146852
javi-llabres,RCD Mallorca,6.6357142857143,92.9,1,0,0.6281,0.31988234,41,12,53,4,1,0,3,7,206,15,1162309
nemanja-radonjic,RCD Mallorca,6.84,68.4,0,0,1.587,0.46632507,60,26,86,18,0,0,7,10,293,10,802665
sergi-darder,RCD Mallorca,7.0628571428571,247.2,2,5,2.2269,5.01699791,637,164,801,32,4,0,12,32,2084,35,110783
samuel-costa,RCD Mallorca,6.8939393939394,227.5,1,1,1.0837,1.0166066,823,235,1058,12,8,0,3,22,2305,34,988351
dani-rodriguez,RCD Mallorca,6.8457142857143,239.6,2,4,1.3724,4.71993751,621,184,805,33,8,0,4,27,2605,35,349526
omar-mascarell,RCD Mallorca,6.6571428571429,186.4,0,0,0.443,0.22803638,623,134,757,7,7,0,0,6,1558,28,255999
manu-morlanes,RCD Mallorca,6.7969696969697,224.3,0,1,1.0461,1.99605203,614,113,727,20,2,0,4,11,1540,34,826004
antonio-sanchez,RCD Mallorca,6.7035714285714,187.7,3,1,2.5313,1.75934338,339,125,464,14,3,0,9,23,1419,28,949722
pablo-maffeo,RCD Mallorca,6.695,133.9,0,2,0.5571,0.86936668,265,138,403,15,3,1,3,9,1436,21,788216
matija-nastasic,RCD Mallorca,6.9230769230769,180.0,2,0,1.0201,0.69530677,785,196,981,0,8,0,2,8,2265,26,98440
antonio-raillo,RCD Mallorca,7.18,179.5,3,1,1.3331,0.78643085,940,159,1099,1,4,1,9,28,2112,25,807116
giovanni-gonzalez,RCD Mallorca,6.7636363636364,223.2,1,1,0.4533,1.89604171,770,227,997,15,7,0,4,14,2463,34,590404
martin-valjent,RCD Mallorca,6.7851851851852,183.2,0,1,0.3325,1.02738981,774,172,946,1,5,0,0,9,2264,27,300522
toni-lato,RCD Mallorca,6.8,183.6,0,1,0.2286,1.34988695,444,129,573,10,3,0,2,5,1558,28,828239
jose-copete,RCD Mallorca,6.7894736842105,129.0,1,1,0.5418,0.49501353,446,125,571,4,7,0,1,7,1335,19,913695
jaume-costa,RCD Mallorca,6.6827586206897,193.8,0,1,0.2382,1.23673705,427,127,554,8,7,0,2,5,1596,29,44577
nacho-vidal,RCD Mallorca,6.7076923076923,87.2,1,0,1.2169,0.3051978,122,39,161,2,1,0,4,10,439,14,844752
siebe-van-der-heyden,RCD Mallorca,6.6333333333333,39.8,0,0,0.1648,0.051160295,62,30,92,0,2,1,0,2,292,6,842164
predrag-rajkovic,RCD Mallorca,7.0666666666667,254.4,0,0,0,0.14401645,622,507,1129,3,2,0,0,0,3240,36,188107
dominik-greif,RCD Mallorca,7.8,7.8,0,0,,0.00637931,21,8,29,0,0,0,0,0,90,1,791046
radamel-falcao,Rayo Vallecano,6.6095238095238,138.8,1,0,2.462,0.28849397,78,18,96,3,4,0,7,16,335,21,25682
raul-de-tomas,Rayo Vallecano,6.7375,161.7,1,2,3.3565,0.38916391,201,52,253,20,5,0,12,39,1255,24,138387
sergio-camello,Rayo Vallecano,6.7064516129032,207.9,3,1,4.5283,1.31296064,273,98,371,16,3,0,13,33,1676,31,910024
randy-nteka,Rayo Vallecano,6.49375,103.9,1,1,2.3288,0.85096314,128,45,173,7,2,0,6,15,578,16,932764
ismaila-ciss,Rayo Vallecano,6.8866666666667,206.6,1,0,1.5123,0.6444418,688,136,824,16,10,0,8,22,1585,30,913679
isi-palazon,Rayo Vallecano,6.9194444444444,249.1,4,1,5.8777,2.20177169,782,263,1045,35,8,0,33,71,2788,36,899982
miguel-crespo,Rayo Vallecano,6.7642857142857,94.7,0,0,0.1097,0.44865989,212,37,249,12,3,0,0,3,504,14,972410
alvaro-garcia,Rayo Vallecano,6.9451612903226,215.3,6,1,5.8043,2.80643285,437,208,645,9,6,1,16,41,2403,31,345111
oscar-trejo,Rayo Vallecano,6.5633333333333,196.9,0,0,0.8225,2.09187594,596,105,701,31,4,1,2,16,1319,30,21949
bebe,Rayo Vallecano,6.6722222222222,120.1,2,0,1.4377,0.53156544,41,18,59,12,1,0,5,15,241,18,124950
jorge-de-frutos,Rayo Vallecano,6.6457142857143,232.6,2,0,2.4675,1.02681992,299,92,391,15,1,0,11,27,1495,35,900003
oscar-valentin,Rayo Vallecano,6.8558823529412,233.1,1,0,1.6754,0.65731685,1003,224,1227,7,5,1,7,15,2701,34,900008
unai-lopez,Rayo Vallecano,6.8176470588235,231.8,1,2,1.1148,2.61091829,1105,205,1310,22,9,0,5,29,2045,34,588566
kike-perez,Rayo Vallecano,6.6260869565217,152.4,1,0,1.8863,0.86646478,262,67,329,9,7,0,5,13,837,23,857178
jose-pozo,Rayo Vallecano,6.6,13.2,0,0,,0.00458151,11,0,11,0,0,0,0,0,17,2,608370
abdul-mumin,Rayo Vallecano,6.865,137.3,1,0,0.3839,0.13871665,615,152,767,2,5,1,1,6,1705,20,846147
andrei-ratiu,Rayo Vallecano,6.4909090909091,71.4,0,0,0.2863,0.51962529,153,39,192,11,1,0,1,6,550,11,965031
florian-lejeune,Rayo Vallecano,7.0361111111111,253.3,3,1,3.189,0.80823823,1575,360,1935,4,5,0,19,65,3238,36,88528
alfonso-espino,Rayo Vallecano,6.7548387096774,209.4,0,1,1.0047,2.85621566,834,276,1110,24,9,0,5,18,2512,31,542634
ivan-balliu,Rayo Vallecano,6.8212121212121,225.1,0,1,0.6803,2.29865019,799,239,1038,7,4,0,4,11,2876,33,152446
aridane-hernandez,Rayo Vallecano,6.8,122.4,0,0,0.2333,0.09074263,616,105,721,1,3,0,0,4,1601,18,41013
josep-chavarria,Rayo Vallecano,6.6952380952381,140.6,1,1,0.9718,0.96897803,470,116,586,9,3,1,2,11,1086,21,1010421
stole-dimitrievski,Rayo Vallecano,6.9243243243243,256.2,0,0,0,0.06670815,567,457,1024,1,2,0,0,0,3330,37,97951
luis-javier-suarez,Almería,6.9214285714286,96.9,4,0,5.5215,0.50008396,141,39,180,10,2,0,12,33,849,14,914213
largie-ramazani,Almería,6.7310344827586,195.2,3,5,4.721,2.39588437,195,108,303,31,7,2,13,40,1576,29,909966
ibrahima-kone,Almería,6.5375,52.3,0,0,0.3576,0.44668996,33,16,49,1,0,0,2,3,281,8,873630
anthony-lozano,Almería,6.6473684210526,126.3,3,0,3.4541,0.38346083,107,39,146,5,2,0,9,27,873,19,169549
leo-baptistao,Almería,6.8354838709677,211.9,6,0,5.2697,0.98895832,346,170,516,11,6,1,18,48,1835,31,252857
marko-milovanovic,Almería,6.5909090909091,72.5,1,0,1.532,0.11037717,43,24,67,1,0,0,1,5,316,11,1100957
luka-romero,Almería,6.6916666666667,80.3,3,0,1.2884,0.11933045,131,10,141,6,2,0,3,8,434,12,1032022
sergio-arribas,Almería,7.0090909090909,231.3,7,4,7.1972,3.23122919,538,113,651,15,1,0,18,53,2020,33,997203
iddrisu-baba,Almería,6.704,167.6,0,0,0.7161,0.44437255,541,106,647,14,5,0,2,8,1442,25,914014
dion-lopy,Almería,6.8733333333333,206.2,0,0,1.2696,0.71437266,736,130,866,29,5,0,8,23,1927,30,982327
lucas-robertone,Almería,7.1,227.2,0,5,0.9558,2.08897379,1024,194,1218,8,11,0,13,36,2301,32,848926
jonathan-viera,Almería,7.12,142.4,2,3,3.2096,2.2152528,865,106,971,17,2,1,9,23,1458,20,129451
adrian-embarba,Almería,6.8885714285714,241.1,3,1,4.0886,3.54031992,530,178,708,42,4,0,24,60,2395,35,346516
gonzalo-melero,Almería,6.5703703703704,177.4,0,1,1.8436,0.88965181,354,75,429,7,3,0,3,13,1076,27,789886
pena-marcos,Almería,6.8428571428571,47.9,0,0,0.1729,0.02507911,188,29,217,0,3,0,1,4,439,7,1493216
cesar-montes,Almería,6.652380952381,139.7,0,0,0.7015,0.39055292,748,215,963,3,5,0,2,13,1792,21,818406
bruno-langa,Almería,6.73,67.3,1,0,0.1371,0.17121068,217,74,291,10,1,1,2,7,729,10,987490
chumi,Almería,6.61,198.3,0,1,0.9678,0.63342163,973,148,1121,5,4,0,1,5,2347,30,913455
marc-pubill,Almería,6.8590909090909,150.9,1,3,0.6457,0.8209026,509,155,664,28,2,0,3,18,1799,22,1094106
edgar-gonzalez,Almería,6.7433333333333,202.3,2,0,2.3368,0.30119893,1125,191,1316,7,5,1,3,13,2483,30,914522
alejandro-pozo,Almería,6.4904761904762,136.3,0,0,0.4034,0.76361824,345,104,449,1,3,0,3,4,992,21,848080
aleksandar-radovanovic,Almería,6.8625,54.9,0,0,0.0353,0.00772399,160,11,171,0,2,0,0,1,504,8,823996
centelles-alex,Almería,6.6142857142857,92.6,0,1,0.0354,0.96127935,313,97,410,4,2,0,1,2,979,14,964174
luis-maximiano,Almería,7.0090909090909,231.3,0,0,0,0.03809096,691,422,1113,3,1,0,0,0,2970,33,845797
fernando-martinez,Almería,6.8333333333333,20.5,0,0,,0.00651217,64,44,108,0,0,0,0,0,270,3,139925
diego-marino,Almería,6.8,6.8,0,0,0,0.00041016,17,4,21,0,0,0,0,0,90,1,69379
