Player Name,Team,Rating,Total Rating,Goals,Assists,Expected Goals,Expected Assists,Accurate Passes,Inaccurate Passes,Total Passes,Successful Dribbles,Yellow Cards,Red Cards,Shots On Target,Total Shots,Minutes Played,Appearances
robert-lewandowski,Barcelona,7.2151515151515,238.1,17,8,17.4338,3.22655253,380,153,533,20,5,0,41,91,2617,33
lamine-yamal,Barcelona,7.3257142857143,256.4,5,4,5.138,6.13099375,793,152,945,63,2,0,20,55,2045,35
joao-felix,Barcelona,7.0571428571429,197.6,7,3,8.3062,2.56542707,507,101,608,26,3,0,23,57,1492,28
raphinha,Barcelona,7.2962962962963,197.0,6,9,7.3474,4.95081539,455,111,566,24,3,1,21,58,1317,27
vitor-roque,Barcelona,6.5166666666667,78.2,2,0,2.4997,0.03229282,40,14,54,4,2,1,6,12,293,12
ferran-torres,Barcelona,6.9259259259259,187.0,7,2,5.5106,1.80653551,325,82,407,10,2,0,15,38,1185,28
pedri,Barcelona,7.1727272727273,157.8,2,2,2.1414,3.9400891,934,131,1065,15,3,0,4,11,1369,22
frenkie-de-jong,Barcelona,7.445,148.9,2,0,0.6997,4.8796073,1526,113,1639,13,7,0,4,7,1637,20
gavi,Barcelona,7.1333333333333,85.6,1,1,0.9486,1.37264491,481,45,526,12,5,0,4,9,943,12
ilkay-gundogan,Barcelona,7.4735294117647,254.1,5,8,7.2988,9.69657549,1916,210,2126,32,5,0,17,43,2817,34
fermin-lopez,Barcelona,6.9035714285714,193.3,7,0,7.4464,1.02207383,462,83,545,21,2,0,23,47,1314,29
oriol-romeu,Barcelona,6.84,171.0,0,1,0.7006,0.86125744,669,81,750,4,4,0,2,10,901,27
joao-cancelo,Barcelona,7.2466666666667,217.4,2,3,1.4802,6.07705712,1242,234,1476,57,5,0,9,30,2332,30
ronald-araujo,Barcelona,7.0166666666667,168.4,1,1,2.1166,1.54323914,1376,162,1538,8,6,0,9,23,1966,24
jules-kounde,Barcelona,7.1666666666667,236.5,1,2,2.0684,2.52822959,2156,214,2370,16,4,0,7,24,2719,33
alejandro-balde,Barcelona,6.8444444444444,123.2,0,1,0.1465,1.50707323,592,77,669,20,1,0,1,5,1378,18
andreas-christensen,Barcelona,6.8892857142857,192.9,2,2,0.9389,0.78162432,1402,88,1490,3,4,0,4,11,1900,28
pau-cubarsi,Barcelona,7.0058823529412,119.1,0,0,0.0921,0.31223815,1237,111,1348,3,3,0,0,3,1410,17
sergi-roberto,Barcelona,7.0384615384615,91.5,3,2,1.6639,0.76479224,552,56,608,3,4,0,4,9,818,13
marcos-alonso,Barcelona,7.02,35.1,0,0,0.0951,0.32722638,153,19,172,3,0,0,2,3,250,5
inigo-martinez,Barcelona,7.0055555555556,126.1,0,0,0.2945,0.4432569,885,115,1000,0,5,0,1,7,1122,18
fort-hector,Barcelona,6.75,40.5,0,2,0.0107,0.45944626,177,24,201,3,0,0,0,1,318,6
marc-andre-ter-stegen,Barcelona,7.1423076923077,185.7,0,0,0.0,0.06066905,759,101,860,0,3,0,0,0,2340,26
inaki-pena,Barcelona,6.64,66.4,0,0,,0.00277791,213,38,251,0,0,0,0,0,900,10
robert-lewandowski,Barcelona,7.2151515151515,238.1,17,8,17.4338,3.22655253,380,153,533,20,5,0,41,91,2617,33
lamine-yamal,Barcelona,7.3257142857143,256.4,5,4,5.138,6.13099375,793,152,945,63,2,0,20,55,2045,35
joao-felix,Barcelona,7.0571428571429,197.6,7,3,8.3062,2.56542707,507,101,608,26,3,0,23,57,1492,28
raphinha,Barcelona,7.2962962962963,197.0,6,9,7.3474,4.95081539,455,111,566,24,3,1,21,58,1317,27
vitor-roque,Barcelona,6.5166666666667,78.2,2,0,2.4997,0.03229282,40,14,54,4,2,1,6,12,293,12
ferran-torres,Barcelona,6.9259259259259,187.0,7,2,5.5106,1.80653551,325,82,407,10,2,0,15,38,1185,28
pedri,Barcelona,7.1727272727273,157.8,2,2,2.1414,3.9400891,934,131,1065,15,3,0,4,11,1369,22
frenkie-de-jong,Barcelona,7.445,148.9,2,0,0.6997,4.8796073,1526,113,1639,13,7,0,4,7,1637,20
gavi,Barcelona,7.1333333333333,85.6,1,1,0.9486,1.37264491,481,45,526,12,5,0,4,9,943,12
ilkay-gundogan,Barcelona,7.4735294117647,254.1,5,8,7.2988,9.69657549,1916,210,2126,32,5,0,17,43,2817,34
fermin-lopez,Barcelona,6.9035714285714,193.3,7,0,7.4464,1.02207383,462,83,545,21,2,0,23,47,1314,29
oriol-romeu,Barcelona,6.84,171.0,0,1,0.7006,0.86125744,669,81,750,4,4,0,2,10,901,27
joao-cancelo,Barcelona,7.2466666666667,217.4,2,3,1.4802,6.07705712,1242,234,1476,57,5,0,9,30,2332,30
ronald-araujo,Barcelona,7.0166666666667,168.4,1,1,2.1166,1.54323914,1376,162,1538,8,6,0,9,23,1966,24
jules-kounde,Barcelona,7.1666666666667,236.5,1,2,2.0684,2.52822959,2156,214,2370,16,4,0,7,24,2719,33
alejandro-balde,Barcelona,6.8444444444444,123.2,0,1,0.1465,1.50707323,592,77,669,20,1,0,1,5,1378,18
andreas-christensen,Barcelona,6.8892857142857,192.9,2,2,0.9389,0.78162432,1402,88,1490,3,4,0,4,11,1900,28
pau-cubarsi,Barcelona,7.0058823529412,119.1,0,0,0.0921,0.31223815,1237,111,1348,3,3,0,0,3,1410,17
sergi-roberto,Barcelona,7.0384615384615,91.5,3,2,1.6639,0.76479224,552,56,608,3,4,0,4,9,818,13
marcos-alonso,Barcelona,7.02,35.1,0,0,0.0951,0.32722638,153,19,172,3,0,0,2,3,250,5
inigo-martinez,Barcelona,7.0055555555556,126.1,0,0,0.2945,0.4432569,885,115,1000,0,5,0,1,7,1122,18
fort-hector,Barcelona,6.75,40.5,0,2,0.0107,0.45944626,177,24,201,3,0,0,0,1,318,6
marc-andre-ter-stegen,Barcelona,7.1423076923077,185.7,0,0,0.0,0.06066905,759,101,860,0,3,0,0,0,2340,26
inaki-pena,Barcelona,6.64,66.4,0,0,,0.00277791,213,38,251,0,0,0,0,0,900,10
vinicius-junior,Real Madrid,7.36,184.0,15,5,12.818,4.28906445,467,129,596,63,7,0,38,76,1782,25
rodrygo,Real Madrid,7.303125,233.7,10,5,11.5591,3.55651405,819,95,914,57,2,0,36,85,2276,32
joselu,Real Madrid,6.8424242424242,225.8,9,2,11.6849,1.99366346,244,86,330,6,1,0,28,62,1590,33
jude-bellingham,Real Madrid,8.0740740740741,218.0,19,6,11.0173,4.25704514,1285,150,1435,48,5,1,34,61,2234,27
luka-modric,Real Madrid,7.3733333333333,221.2,2,6,1.2488,4.4507164,1321,132,1453,20,2,0,10,23,1587,30
arda-guler,Real Madrid,7.1222222222222,64.1,4,0,1.0775,0.33792097,129,19,148,7,1,0,4,11,300,9
toni-kroos,Real Madrid,7.61875,243.8,1,8,1.5828,5.73381272,2134,124,2258,5,3,0,12,34,2048,32
federico-valverde,Real Madrid,7.4028571428571,259.1,2,7,3.4868,3.31770395,1783,175,1958,22,2,0,18,54,2760,35
camavinga-eduardo,Real Madrid,7.1931034482759,208.6,0,2,0.9203,1.68013188,1100,105,1205,35,8,0,7,17,1720,29
aurelien-tchouameni,Real Madrid,7.1814814814815,193.9,3,1,1.2526,1.4459605,1371,119,1490,6,7,0,7,27,1992,27
brahim-diaz,Real Madrid,7.1896551724138,208.5,8,4,5.6252,4.41479576,576,89,665,53,0,0,16,37,1514,30
dani-ceballos,Real Madrid,6.8,108.8,0,2,0.2789,0.99687525,390,44,434,5,1,0,1,6,512,18
antonio-rudiger,Real Madrid,6.9451612903226,215.3,1,0,1.3827,1.01778543,1511,169,1680,1,7,0,2,16,2527,31
eder-militao,Real Madrid,6.95,41.7,0,0,0.1205,0.03417656,242,24,266,0,0,0,2,2,410,8
daniel-carvajal,Real Madrid,7.2384615384615,188.2,4,3,1.6194,3.08748235,1074,154,1228,9,2,1,10,17,2109,27
david-alaba,Real Madrid,7.1142857142857,99.6,0,1,0.9627,0.76605241,803,75,878,0,2,0,4,14,1156,14
ferland-mendy,Real Madrid,6.9227272727273,152.3,0,0,0.1029,0.68936467,1013,63,1076,13,5,0,0,3,1644,22
nacho-fernandez,Real Madrid,6.8777777777778,185.7,0,1,0.4888,0.85180534,1101,93,1194,2,3,2,1,5,1672,27
lucas-vazquez,Real Madrid,7.1961538461538,187.1,2,4,1.0167,3.04074097,739,99,838,21,0,0,6,11,1336,27
fran-garcia,Real Madrid,6.9826086956522,160.6,1,5,0.5227,1.82276884,664,83,747,8,2,0,1,9,1319,24
thibaut-courtois,Real Madrid,8.2666666666667,24.8,0,0,,0.01707808,70,10,80,0,0,0,0,0,270,3
andriy-lunin,Real Madrid,7.23,144.6,0,0,0.0,0.00852482,450,81,531,0,2,0,0,0,1800,20
kepa-arrizabalaga,Real Madrid,7.0615384615385,91.8,0,0,0.0,0.00470935,326,70,396,0,1,0,0,0,1170,13
vinicius-junior,Real Madrid,7.36,184.0,15,5,12.818,4.28906445,467,129,596,63,7,0,38,76,1782,25
rodrygo,Real Madrid,7.303125,233.7,10,5,11.5591,3.55651405,819,95,914,57,2,0,36,85,2276,32
joselu,Real Madrid,6.8424242424242,225.8,9,2,11.6849,1.99366346,244,86,330,6,1,0,28,62,1590,33
jude-bellingham,Real Madrid,8.0740740740741,218.0,19,6,11.0173,4.25704514,1285,150,1435,48,5,1,34,61,2234,27
luka-modric,Real Madrid,7.3733333333333,221.2,2,6,1.2488,4.4507164,1321,132,1453,20,2,0,10,23,1587,30
arda-guler,Real Madrid,7.1222222222222,64.1,4,0,1.0775,0.33792097,129,19,148,7,1,0,4,11,300,9
toni-kroos,Real Madrid,7.61875,243.8,1,8,1.5828,5.73381272,2134,124,2258,5,3,0,12,34,2048,32
federico-valverde,Real Madrid,7.4028571428571,259.1,2,7,3.4868,3.31770395,1783,175,1958,22,2,0,18,54,2760,35
camavinga-eduardo,Real Madrid,7.1931034482759,208.6,0,2,0.9203,1.68013188,1100,105,1205,35,8,0,7,17,1720,29
aurelien-tchouameni,Real Madrid,7.1814814814815,193.9,3,1,1.2526,1.4459605,1371,119,1490,6,7,0,7,27,1992,27
brahim-diaz,Real Madrid,7.1896551724138,208.5,8,4,5.6252,4.41479576,576,89,665,53,0,0,16,37,1514,30
dani-ceballos,Real Madrid,6.8,108.8,0,2,0.2789,0.99687525,390,44,434,5,1,0,1,6,512,18
antonio-rudiger,Real Madrid,6.9451612903226,215.3,1,0,1.3827,1.01778543,1511,169,1680,1,7,0,2,16,2527,31
eder-militao,Real Madrid,6.95,41.7,0,0,0.1205,0.03417656,242,24,266,0,0,0,2,2,410,8
daniel-carvajal,Real Madrid,7.2384615384615,188.2,4,3,1.6194,3.08748235,1074,154,1228,9,2,1,10,17,2109,27
david-alaba,Real Madrid,7.1142857142857,99.6,0,1,0.9627,0.76605241,803,75,878,0,2,0,4,14,1156,14
ferland-mendy,Real Madrid,6.9227272727273,152.3,0,0,0.1029,0.68936467,1013,63,1076,13,5,0,0,3,1644,22
nacho-fernandez,Real Madrid,6.8777777777778,185.7,0,1,0.4888,0.85180534,1101,93,1194,2,3,2,1,5,1672,27
lucas-vazquez,Real Madrid,7.1961538461538,187.1,2,4,1.0167,3.04074097,739,99,838,21,0,0,6,11,1336,27
fran-garcia,Real Madrid,6.9826086956522,160.6,1,5,0.5227,1.82276884,664,83,747,8,2,0,1,9,1319,24
thibaut-courtois,Real Madrid,8.2666666666667,24.8,0,0,,0.01707808,70,10,80,0,0,0,0,0,270,3
andriy-lunin,Real Madrid,7.23,144.6,0,0,0.0,0.00852482,450,81,531,0,2,0,0,0,1800,20
kepa-arrizabalaga,Real Madrid,7.0615384615385,91.8,0,0,0.0,0.00470935,326,70,396,0,1,0,0,0,1170,13
antoine-griezmann,Atlético Madrid,7.4806451612903,231.9,16,6,11.6827,5.71798465,968,203,1171,22,5,0,33,75,2474,31
memphis-depay,Atlético Madrid,6.8238095238095,143.3,5,1,5.7623,1.58658548,177,57,234,18,2,0,15,38,864,22
alvaro-morata,Atlético Madrid,6.98,209.4,14,2,12.9089,1.22161198,258,104,362,17,2,1,33,65,1849,30
angel-correa,Atlético Madrid,7.02,210.6,9,2,7.7466,3.20455633,350,94,444,26,3,0,20,39,1407,30
samuel-lino,Atlético Madrid,7.19375,230.2,3,4,4.5457,2.88834311,732,147,879,39,0,0,20,48,1957,32
rodrigo-de-paul,Atlético Madrid,7.265625,232.5,3,5,1.6749,5.75672164,1198,195,1393,26,6,0,12,28,1924,32
marcos-llorente,Atlético Madrid,6.98,244.3,6,3,4.0249,3.7134433,825,163,988,10,5,0,17,27,2390,35
koke,Atlético Madrid,7.046875,225.5,0,4,0.3926,2.78688586,1929,193,2122,5,4,0,2,9,2341,33
saul-niguez,Atlético Madrid,6.95,222.4,1,5,1.4741,2.06040423,538,117,655,8,8,0,4,16,1352,33
arthur-vermeeren,Atlético Madrid,6.5333333333333,19.6,0,0,,0.01447256,48,12,60,0,1,0,0,0,82,3
thomas-lemar,Atlético Madrid,6.6333333333333,19.9,0,0,0.1638,0.0772158,69,8,77,1,0,0,0,2,166,3
rodrigo-riquelme,Atlético Madrid,6.88125,220.2,3,5,2.7019,3.51771901,441,114,555,23,1,0,16,36,1459,32
pablo-barrios,Atlético Madrid,6.9875,167.7,0,1,0.926,1.02983448,724,119,843,35,5,0,7,17,1556,24
nahuel-molina,Atlético Madrid,6.8166666666667,204.5,2,3,1.2729,2.17743768,783,235,1018,16,4,1,5,12,1856,30
cesar-azpilicueta,Atlético Madrid,6.8727272727273,151.2,0,2,0.6468,1.89289426,722,119,841,1,4,0,2,2,1277,23
axel-witsel,Atlético Madrid,6.9794117647059,237.3,2,0,0.9884,0.24022226,1645,141,1786,5,5,0,3,7,2694,34
jose-maria-gimenez,Atlético Madrid,6.7952380952381,142.7,0,0,0.3913,0.06140433,530,83,613,2,5,0,1,7,1233,21
reinildo-mandava,Atlético Madrid,6.9666666666667,83.6,1,1,0.3537,0.4905852,295,46,341,8,1,0,2,4,687,14
mario-hermoso,Atlético Madrid,7.048275862069,204.4,0,1,1.3977,1.04000606,1498,221,1719,11,9,0,4,17,2446,29
stefan-savic,Atlético Madrid,6.8095238095238,143.0,0,0,0.3332,0.52947288,755,146,901,8,5,1,1,5,1545,22
gabriel-paulista,Atlético Madrid,6.8190476190476,143.2,0,0,0.5415,0.31377135,912,145,1057,0,4,1,1,8,1761,22
jan-oblak,Atlético Madrid,7.0333333333333,253.2,0,0,0.0,0.01990114,574,238,812,1,1,0,0,0,3240,36
antoine-griezmann,Atlético Madrid,7.4806451612903,231.9,16,6,11.6827,5.71798465,968,203,1171,22,5,0,33,75,2474,31
memphis-depay,Atlético Madrid,6.8238095238095,143.3,5,1,5.7623,1.58658548,177,57,234,18,2,0,15,38,864,22
alvaro-morata,Atlético Madrid,6.98,209.4,14,2,12.9089,1.22161198,258,104,362,17,2,1,33,65,1849,30
angel-correa,Atlético Madrid,7.02,210.6,9,2,7.7466,3.20455633,350,94,444,26,3,0,20,39,1407,30
samuel-lino,Atlético Madrid,7.19375,230.2,3,4,4.5457,2.88834311,732,147,879,39,0,0,20,48,1957,32
rodrigo-de-paul,Atlético Madrid,7.265625,232.5,3,5,1.6749,5.75672164,1198,195,1393,26,6,0,12,28,1924,32
marcos-llorente,Atlético Madrid,6.98,244.3,6,3,4.0249,3.7134433,825,163,988,10,5,0,17,27,2390,35
koke,Atlético Madrid,7.046875,225.5,0,4,0.3926,2.78688586,1929,193,2122,5,4,0,2,9,2341,33
saul-niguez,Atlético Madrid,6.95,222.4,1,5,1.4741,2.06040423,538,117,655,8,8,0,4,16,1352,33
arthur-vermeeren,Atlético Madrid,6.5333333333333,19.6,0,0,,0.01447256,48,12,60,0,1,0,0,0,82,3
thomas-lemar,Atlético Madrid,6.6333333333333,19.9,0,0,0.1638,0.0772158,69,8,77,1,0,0,0,2,166,3
rodrigo-riquelme,Atlético Madrid,6.88125,220.2,3,5,2.7019,3.51771901,441,114,555,23,1,0,16,36,1459,32
pablo-barrios,Atlético Madrid,6.9875,167.7,0,1,0.926,1.02983448,724,119,843,35,5,0,7,17,1556,24
nahuel-molina,Atlético Madrid,6.8166666666667,204.5,2,3,1.2729,2.17743768,783,235,1018,16,4,1,5,12,1856,30
cesar-azpilicueta,Atlético Madrid,6.8727272727273,151.2,0,2,0.6468,1.89289426,722,119,841,1,4,0,2,2,1277,23
axel-witsel,Atlético Madrid,6.9794117647059,237.3,2,0,0.9884,0.24022226,1645,141,1786,5,5,0,3,7,2694,34
jose-maria-gimenez,Atlético Madrid,6.7952380952381,142.7,0,0,0.3913,0.06140433,530,83,613,2,5,0,1,7,1233,21
reinildo-mandava,Atlético Madrid,6.9666666666667,83.6,1,1,0.3537,0.4905852,295,46,341,8,1,0,2,4,687,14
mario-hermoso,Atlético Madrid,7.048275862069,204.4,0,1,1.3977,1.04000606,1498,221,1719,11,9,0,4,17,2446,29
stefan-savic,Atlético Madrid,6.8095238095238,143.0,0,0,0.3332,0.52947288,755,146,901,8,5,1,1,5,1545,22
gabriel-paulista,Atlético Madrid,6.8190476190476,143.2,0,0,0.5415,0.31377135,912,145,1057,0,4,1,1,8,1761,22
jan-oblak,Atlético Madrid,7.0333333333333,253.2,0,0,0.0,0.01990114,574,238,812,1,1,0,0,0,3240,36
youssef-en-nesyri,Sevilla FC,6.941935483871,215.2,15,2,10.3171,0.83005993,183,105,288,9,4,0,29,69,2395,31
mariano-diaz,Sevilla FC,6.6857142857143,46.8,0,0,1.1584,0.09400162,30,15,45,1,1,0,1,13,240,7
alejo-veliz,Sevilla FC,6.475,25.9,0,0,0.2275,0.00398815,4,2,6,0,0,0,2,2,45,4
dodi-lukebakio,Sevilla FC,6.9047619047619,145.0,5,1,5.0916,0.98015274,237,46,283,29,0,0,15,36,970,21
rafa-mir,Sevilla FC,6.6933333333333,100.4,2,0,1.4265,0.09371746,60,25,85,2,1,0,7,15,404,15
romero-isaac,Sevilla FC,6.8285714285714,95.6,4,4,7.288,1.03541462,145,47,192,13,2,0,17,42,1050,14
hannibal-mejbri,Sevilla FC,6.65,26.6,0,0,0.0104,0.15521858,36,7,43,3,2,0,0,1,99,5
lucas-ocampos,Sevilla FC,7.0575757575758,232.9,4,3,5.1254,3.73679803,677,246,923,46,8,0,22,61,2705,33
erik-lamela,Sevilla FC,6.8416666666667,82.1,2,0,1.0019,0.67115188,135,22,157,7,3,0,4,9,491,13
suso,Sevilla FC,7.0344827586207,204.0,1,4,1.376,4.93018268,645,111,756,27,5,1,6,26,1514,29
adnan-januzaj,Sevilla FC,6.6875,53.5,0,0,0.5954,0.16869029,64,13,77,5,0,0,1,6,195,8
boubakary-soumare,Sevilla FC,6.8592592592593,185.2,0,0,0.0232,0.49472975,1067,116,1183,19,10,0,0,1,2204,27
lucien-agoume,Sevilla FC,6.9,69.0,0,0,0.1184,0.24667194,243,46,289,7,3,0,0,2,608,10
djibril-sow,Sevilla FC,6.8166666666667,163.6,1,1,1.5098,1.12118949,578,96,674,5,5,0,5,18,1473,24
oliver-torres,Sevilla FC,6.7846153846154,176.4,0,1,0.6255,2.54944225,691,134,825,11,3,0,3,9,1628,27
joan-jordan,Sevilla FC,6.7833333333333,40.7,0,0,0.1828,0.11483421,209,28,237,1,1,0,1,6,378,8
sergio-ramos,Sevilla FC,7.3461538461538,191.0,3,0,1.8264,0.37096343,1254,157,1411,5,7,1,11,26,2338,26
marcos-acuna,Sevilla FC,6.93,138.6,1,2,0.3113,2.06029144,491,122,613,10,7,0,4,9,1251,20
jesus-navas,Sevilla FC,6.8678571428571,192.3,0,2,0.146,2.62597039,721,200,921,13,6,1,2,7,1965,28
nemanja-gudelj,Sevilla FC,6.9047619047619,145.0,1,1,0.7956,0.44486182,901,142,1043,4,7,0,3,19,1733,21
tanguy-nianzou,Sevilla FC,6.5125,52.1,0,0,0.0305,0.02377286,134,17,151,2,3,0,0,1,331,8
loic-bade,Sevilla FC,7.0269230769231,182.7,0,1,0.9536,0.43851861,1019,211,1230,7,5,1,3,14,2114,26
marcao,Sevilla FC,6.76,33.8,0,0,,0.04878714,164,17,181,1,2,0,0,0,309,6
juanlu-sanchez,Sevilla FC,6.9,151.8,0,2,0.8596,1.0681121,398,84,482,22,2,0,2,11,1062,24
adria-pedrosa,Sevilla FC,6.8392857142857,191.5,1,4,0.5384,1.41798978,478,133,611,12,1,0,2,13,1635,29
kike-salas,Sevilla FC,6.9238095238095,145.4,3,0,0.8452,0.57796365,697,185,882,0,8,0,5,16,1482,21
marko-dmitrovic,Sevilla FC,6.9538461538462,90.4,0,0,0.0,0.016043,222,101,323,1,1,0,0,0,1170,13
orjan-nyland,Sevilla FC,7.0681818181818,155.5,0,0,0.0,0.03543252,343,285,628,0,1,0,0,0,1980,22
youssef-en-nesyri,Sevilla FC,6.941935483871,215.2,15,2,10.3171,0.83005993,183,105,288,9,4,0,29,69,2395,31
mariano-diaz,Sevilla FC,6.6857142857143,46.8,0,0,1.1584,0.09400162,30,15,45,1,1,0,1,13,240,7
alejo-veliz,Sevilla FC,6.475,25.9,0,0,0.2275,0.00398815,4,2,6,0,0,0,2,2,45,4
dodi-lukebakio,Sevilla FC,6.9047619047619,145.0,5,1,5.0916,0.98015274,237,46,283,29,0,0,15,36,970,21
rafa-mir,Sevilla FC,6.6933333333333,100.4,2,0,1.4265,0.09371746,60,25,85,2,1,0,7,15,404,15
romero-isaac,Sevilla FC,6.8285714285714,95.6,4,4,7.288,1.03541462,145,47,192,13,2,0,17,42,1050,14
hannibal-mejbri,Sevilla FC,6.65,26.6,0,0,0.0104,0.15521858,36,7,43,3,2,0,0,1,99,5
lucas-ocampos,Sevilla FC,7.0575757575758,232.9,4,3,5.1254,3.73679803,677,246,923,46,8,0,22,61,2705,33
erik-lamela,Sevilla FC,6.8416666666667,82.1,2,0,1.0019,0.67115188,135,22,157,7,3,0,4,9,491,13
suso,Sevilla FC,7.0344827586207,204.0,1,4,1.376,4.93018268,645,111,756,27,5,1,6,26,1514,29
adnan-januzaj,Sevilla FC,6.6875,53.5,0,0,0.5954,0.16869029,64,13,77,5,0,0,1,6,195,8
boubakary-soumare,Sevilla FC,6.8592592592593,185.2,0,0,0.0232,0.49472975,1067,116,1183,19,10,0,0,1,2204,27
lucien-agoume,Sevilla FC,6.9,69.0,0,0,0.1184,0.24667194,243,46,289,7,3,0,0,2,608,10
djibril-sow,Sevilla FC,6.8166666666667,163.6,1,1,1.5098,1.12118949,578,96,674,5,5,0,5,18,1473,24
oliver-torres,Sevilla FC,6.7846153846154,176.4,0,1,0.6255,2.54944225,691,134,825,11,3,0,3,9,1628,27
joan-jordan,Sevilla FC,6.7833333333333,40.7,0,0,0.1828,0.11483421,209,28,237,1,1,0,1,6,378,8
sergio-ramos,Sevilla FC,7.3461538461538,191.0,3,0,1.8264,0.37096343,1254,157,1411,5,7,1,11,26,2338,26
marcos-acuna,Sevilla FC,6.93,138.6,1,2,0.3113,2.06029144,491,122,613,10,7,0,4,9,1251,20
jesus-navas,Sevilla FC,6.8678571428571,192.3,0,2,0.146,2.62597039,721,200,921,13,6,1,2,7,1965,28
nemanja-gudelj,Sevilla FC,6.9047619047619,145.0,1,1,0.7956,0.44486182,901,142,1043,4,7,0,3,19,1733,21
tanguy-nianzou,Sevilla FC,6.5125,52.1,0,0,0.0305,0.02377286,134,17,151,2,3,0,0,1,331,8
loic-bade,Sevilla FC,7.0269230769231,182.7,0,1,0.9536,0.43851861,1019,211,1230,7,5,1,3,14,2114,26
marcao,Sevilla FC,6.76,33.8,0,0,,0.04878714,164,17,181,1,2,0,0,0,309,6
juanlu-sanchez,Sevilla FC,6.9,151.8,0,2,0.8596,1.0681121,398,84,482,22,2,0,2,11,1062,24
adria-pedrosa,Sevilla FC,6.8392857142857,191.5,1,4,0.5384,1.41798978,478,133,611,12,1,0,2,13,1635,29
kike-salas,Sevilla FC,6.9238095238095,145.4,3,0,0.8452,0.57796365,697,185,882,0,8,0,5,16,1482,21
marko-dmitrovic,Sevilla FC,6.9538461538462,90.4,0,0,0.0,0.016043,222,101,323,1,1,0,0,0,1170,13
orjan-nyland,Sevilla FC,7.0681818181818,155.5,0,0,0.0,0.03543252,343,285,628,0,1,0,0,0,1980,22
abdessamad-ezzalzouli,Real Betis,6.7208333333333,161.3,1,0,2.2584,0.51281591,239,89,328,22,1,0,8,36,897,26
cedric-bakambu,Real Betis,6.55,26.2,0,0,0.4357,0.41823573,26,13,39,1,1,0,1,4,195,4
willian-jose,Real Betis,7.0225806451613,217.7,10,5,5.4987,1.56079104,382,103,485,5,0,1,23,46,1842,31
chimy-avila,Real Betis,6.8695652173913,158.0,2,3,2.7533,2.79939293,256,101,357,7,5,3,9,36,1171,23
isco,Real Betis,7.5206896551724,218.1,8,5,8.3004,6.35575127,1151,184,1335,76,10,0,26,64,2338,29
nabil-fekir,Real Betis,7.1235294117647,121.1,1,2,2.1915,2.11998374,409,77,486,19,0,0,8,26,959,18
guido-rodriguez,Real Betis,7.0166666666667,168.4,2,0,0.6731,0.78789681,887,145,1032,10,6,0,7,18,1849,24
william-carvalho,Real Betis,6.7666666666667,142.1,1,3,0.3804,0.57295616,510,65,575,4,2,0,3,8,639,21
pablo-fornals,Real Betis,7.2142857142857,101.0,3,2,1.7064,1.9369301,451,124,575,11,2,0,5,15,1108,14
johnny,Real Betis,7.14,107.1,1,2,0.8937,0.97039107,440,81,521,11,3,0,3,9,1151,15
ayoze-perez,Real Betis,7.1137931034483,206.3,9,1,6.9228,2.78052539,497,136,633,47,4,0,23,60,2127,29
marc-roca,Real Betis,6.972,174.3,2,2,1.144,1.66854933,945,166,1111,9,5,0,7,20,1896,25
assane-diao,Real Betis,6.6388888888889,119.5,2,0,2.4915,0.83255547,198,56,254,18,4,0,3,21,1056,18
rodri-sanchez,Real Betis,6.7259259259259,181.6,0,0,1.0475,2.17297442,373,73,446,22,0,0,5,17,960,27
sergi-altimira,Real Betis,6.73,67.3,1,0,0.1663,0.29500551,243,25,268,6,1,0,1,6,509,12
chadi-riad,Real Betis,6.792,169.8,0,0,0.7085,0.2048943,989,119,1108,0,1,0,4,10,2074,25
hector-bellerin,Real Betis,6.5285714285714,137.1,0,1,0.0,1.22345403,578,147,725,15,0,1,0,0,1594,21
german-pezzella,Real Betis,6.946875,222.3,1,0,2.0278,0.26865836,1273,207,1480,3,7,0,5,23,2770,32
youssouf-sabaly,Real Betis,6.74,67.4,0,1,0.1008,0.61160429,390,63,453,9,1,0,0,3,898,10
sokratis,Real Betis,6.7230769230769,87.4,0,0,0.2114,0.09709805,421,54,475,0,5,0,1,1,960,13
juan-miranda,Real Betis,6.9826086956522,160.6,1,1,1.4734,2.0320733,666,144,810,7,7,0,4,13,1680,23
marc-bartra,Real Betis,6.5666666666667,19.7,0,0,0.2075,0.02113337,101,15,116,2,1,0,0,3,225,3
abner-vinicius,Real Betis,6.695652173913,154.0,0,1,0.121,1.02737855,493,116,609,7,3,0,0,4,1418,23
aitor-ruibal,Real Betis,6.8941176470588,117.2,2,1,0.8606,0.75058348,372,101,473,27,5,0,2,13,1030,18
claudio-bravo,Real Betis,7.2,50.4,0,0,0.0,0.12749051,156,43,199,0,0,0,0,0,630,7
rui-silva,Real Betis,7.1481481481481,193.0,0,0,0.0,0.0182985,536,281,817,1,4,0,0,0,2385,27
abdessamad-ezzalzouli,Real Betis,6.7208333333333,161.3,1,0,2.2584,0.51281591,239,89,328,22,1,0,8,36,897,26
cedric-bakambu,Real Betis,6.55,26.2,0,0,0.4357,0.41823573,26,13,39,1,1,0,1,4,195,4
willian-jose,Real Betis,7.0225806451613,217.7,10,5,5.4987,1.56079104,382,103,485,5,0,1,23,46,1842,31
chimy-avila,Real Betis,6.8695652173913,158.0,2,3,2.7533,2.79939293,256,101,357,7,5,3,9,36,1171,23
isco,Real Betis,7.5206896551724,218.1,8,5,8.3004,6.35575127,1151,184,1335,76,10,0,26,64,2338,29
nabil-fekir,Real Betis,7.1235294117647,121.1,1,2,2.1915,2.11998374,409,77,486,19,0,0,8,26,959,18
guido-rodriguez,Real Betis,7.0166666666667,168.4,2,0,0.6731,0.78789681,887,145,1032,10,6,0,7,18,1849,24
william-carvalho,Real Betis,6.7666666666667,142.1,1,3,0.3804,0.57295616,510,65,575,4,2,0,3,8,639,21
pablo-fornals,Real Betis,7.2142857142857,101.0,3,2,1.7064,1.9369301,451,124,575,11,2,0,5,15,1108,14
johnny,Real Betis,7.14,107.1,1,2,0.8937,0.97039107,440,81,521,11,3,0,3,9,1151,15
ayoze-perez,Real Betis,7.1137931034483,206.3,9,1,6.9228,2.78052539,497,136,633,47,4,0,23,60,2127,29
marc-roca,Real Betis,6.972,174.3,2,2,1.144,1.66854933,945,166,1111,9,5,0,7,20,1896,25
assane-diao,Real Betis,6.6388888888889,119.5,2,0,2.4915,0.83255547,198,56,254,18,4,0,3,21,1056,18
rodri-sanchez,Real Betis,6.7259259259259,181.6,0,0,1.0475,2.17297442,373,73,446,22,0,0,5,17,960,27
sergi-altimira,Real Betis,6.73,67.3,1,0,0.1663,0.29500551,243,25,268,6,1,0,1,6,509,12
chadi-riad,Real Betis,6.792,169.8,0,0,0.7085,0.2048943,989,119,1108,0,1,0,4,10,2074,25
hector-bellerin,Real Betis,6.5285714285714,137.1,0,1,0.0,1.22345403,578,147,725,15,0,1,0,0,1594,21
german-pezzella,Real Betis,6.946875,222.3,1,0,2.0278,0.26865836,1273,207,1480,3,7,0,5,23,2770,32
youssouf-sabaly,Real Betis,6.74,67.4,0,1,0.1008,0.61160429,390,63,453,9,1,0,0,3,898,10
sokratis,Real Betis,6.7230769230769,87.4,0,0,0.2114,0.09709805,421,54,475,0,5,0,1,1,960,13
juan-miranda,Real Betis,6.9826086956522,160.6,1,1,1.4734,2.0320733,666,144,810,7,7,0,4,13,1680,23
marc-bartra,Real Betis,6.5666666666667,19.7,0,0,0.2075,0.02113337,101,15,116,2,1,0,0,3,225,3
abner-vinicius,Real Betis,6.695652173913,154.0,0,1,0.121,1.02737855,493,116,609,7,3,0,0,4,1418,23
aitor-ruibal,Real Betis,6.8941176470588,117.2,2,1,0.8606,0.75058348,372,101,473,27,5,0,2,13,1030,18
claudio-bravo,Real Betis,7.2,50.4,0,0,0.0,0.12749051,156,43,199,0,0,0,0,0,630,7
rui-silva,Real Betis,7.1481481481481,193.0,0,0,0.0,0.0182985,536,281,817,1,4,0,0,0,2385,27
alexander-sorloth,Villarreal CF,7.11875,227.8,19,6,11.0991,2.91527534,335,104,439,29,3,0,32,68,2384,32
gerard-moreno,Villarreal CF,7.3103448275862,212.0,10,4,9.6832,4.30939418,729,191,920,41,0,0,21,63,2156,29
goncalo-guedes,Villarreal CF,7.0,105.0,3,2,2.2222,0.74578632,209,49,258,7,0,0,8,23,834,15
jose-luis-morales,Villarreal CF,6.6535714285714,186.3,6,0,4.7165,0.82140387,140,45,185,8,0,0,10,22,994,28
ilias-akhomach,Villarreal CF,6.7689655172414,196.3,2,2,3.1134,2.44896823,334,84,418,54,4,0,7,28,1465,29
bertrand-traore,Villarreal CF,6.9111111111111,62.2,1,0,0.7776,0.49261554,123,28,151,6,2,0,6,16,439,9
yeremy-pino,Villarreal CF,7.0285714285714,49.2,0,0,1.4243,0.49704241,131,27,158,9,4,0,4,9,479,7
alejandro-baena,Villarreal CF,7.2484848484848,239.2,2,13,8.0281,9.22174799,804,223,1027,25,10,1,25,72,2536,33
dani-parejo,Villarreal CF,7.1612903225806,222.0,3,5,2.9284,3.92923927,1547,169,1716,19,4,0,6,12,2514,31
denis-suarez,Villarreal CF,6.725,26.9,0,0,0.0908,0.60536817,76,13,89,5,0,0,0,1,138,4
etienne-capoue,Villarreal CF,6.7774193548387,210.1,1,1,0.8882,0.98982952,672,102,774,21,8,0,5,13,1449,31
francis-coquelin,Villarreal CF,6.74375,107.9,0,0,0.1108,0.58527538,352,49,401,3,4,0,0,3,874,16
santi-comesana,Villarreal CF,6.732,168.3,2,0,1.681,1.27017415,653,93,746,17,6,2,6,14,1481,25
manu-trigueros,Villarreal CF,6.65,79.8,0,0,0.4516,0.16792902,100,18,118,0,0,0,3,5,252,13
ramon-terrats,Villarreal CF,6.675,106.8,0,2,0.3691,1.17857049,294,50,344,10,4,0,1,8,712,17
aissa-mandi,Villarreal CF,6.76,101.4,1,0,0.634,0.41795874,603,55,658,0,3,0,2,4,1028,15
juan-foyth,Villarreal CF,7.0,84.0,1,1,0.3912,0.85043623,477,99,576,20,1,0,2,6,1063,12
eric-bailly,Villarreal CF,6.7666666666667,60.9,0,0,0.2282,0.03599926,291,45,336,7,4,0,0,2,748,9
raul-albiol,Villarreal CF,6.82,170.5,0,1,0.4483,0.61492893,1066,170,1236,0,6,0,1,6,1990,25
yerson-mosquera,Villarreal CF,7.0714285714286,99.0,2,0,1.0029,0.24074515,523,89,612,4,3,0,3,8,1057,14
alberto-moreno,Villarreal CF,6.7923076923077,176.6,2,2,0.6837,1.61766533,462,95,557,5,0,2,5,16,1417,26
jorge-cuenca,Villarreal CF,6.862962962963,185.3,3,1,1.2247,0.73018292,875,164,1039,7,7,0,7,20,1861,27
alfonso-pedraza,Villarreal CF,6.6473684210526,126.3,1,3,0.6007,2.32381647,345,92,437,10,4,1,4,9,1119,19
kiko-femenia,Villarreal CF,6.7863636363636,149.3,0,0,0.0108,0.70638132,751,131,882,6,6,1,0,1,1497,22
pepe-reina,Villarreal CF,6.6,6.6,0,0,,0.00279089,23,8,31,0,2,1,0,0,90,1
filip-jorgensen,Villarreal CF,7.2457142857143,253.6,0,0,0.0,0.0407377128,846,246,1092,1,4,0,0,0,3150,35
alexander-sorloth,Villarreal CF,7.11875,227.8,19,6,11.0991,2.91527534,335,104,439,29,3,0,32,68,2384,32
gerard-moreno,Villarreal CF,7.3103448275862,212.0,10,4,9.6832,4.30939418,729,191,920,41,0,0,21,63,2156,29
goncalo-guedes,Villarreal CF,7.0,105.0,3,2,2.2222,0.74578632,209,49,258,7,0,0,8,23,834,15
jose-luis-morales,Villarreal CF,6.6535714285714,186.3,6,0,4.7165,0.82140387,140,45,185,8,0,0,10,22,994,28
ilias-akhomach,Villarreal CF,6.7689655172414,196.3,2,2,3.1134,2.44896823,334,84,418,54,4,0,7,28,1465,29
bertrand-traore,Villarreal CF,6.9111111111111,62.2,1,0,0.7776,0.49261554,123,28,151,6,2,0,6,16,439,9
yeremy-pino,Villarreal CF,7.0285714285714,49.2,0,0,1.4243,0.49704241,131,27,158,9,4,0,4,9,479,7
alejandro-baena,Villarreal CF,7.2484848484848,239.2,2,13,8.0281,9.22174799,804,223,1027,25,10,1,25,72,2536,33
dani-parejo,Villarreal CF,7.1612903225806,222.0,3,5,2.9284,3.92923927,1547,169,1716,19,4,0,6,12,2514,31
denis-suarez,Villarreal CF,6.725,26.9,0,0,0.0908,0.60536817,76,13,89,5,0,0,0,1,138,4
etienne-capoue,Villarreal CF,6.7774193548387,210.1,1,1,0.8882,0.98982952,672,102,774,21,8,0,5,13,1449,31
francis-coquelin,Villarreal CF,6.74375,107.9,0,0,0.1108,0.58527538,352,49,401,3,4,0,0,3,874,16
santi-comesana,Villarreal CF,6.732,168.3,2,0,1.681,1.27017415,653,93,746,17,6,2,6,14,1481,25
manu-trigueros,Villarreal CF,6.65,79.8,0,0,0.4516,0.16792902,100,18,118,0,0,0,3,5,252,13
ramon-terrats,Villarreal CF,6.675,106.8,0,2,0.3691,1.17857049,294,50,344,10,4,0,1,8,712,17
aissa-mandi,Villarreal CF,6.76,101.4,1,0,0.634,0.41795874,603,55,658,0,3,0,2,4,1028,15
juan-foyth,Villarreal CF,7.0,84.0,1,1,0.3912,0.85043623,477,99,576,20,1,0,2,6,1063,12
eric-bailly,Villarreal CF,6.7666666666667,60.9,0,0,0.2282,0.03599926,291,45,336,7,4,0,0,2,748,9
raul-albiol,Villarreal CF,6.82,170.5,0,1,0.4483,0.61492893,1066,170,1236,0,6,0,1,6,1990,25
yerson-mosquera,Villarreal CF,7.0714285714286,99.0,2,0,1.0029,0.24074515,523,89,612,4,3,0,3,8,1057,14
alberto-moreno,Villarreal CF,6.7923076923077,176.6,2,2,0.6837,1.61766533,462,95,557,5,0,2,5,16,1417,26
jorge-cuenca,Villarreal CF,6.862962962963,185.3,3,1,1.2247,0.73018292,875,164,1039,7,7,0,7,20,1861,27
alfonso-pedraza,Villarreal CF,6.6473684210526,126.3,1,3,0.6007,2.32381647,345,92,437,10,4,1,4,9,1119,19
kiko-femenia,Villarreal CF,6.7863636363636,149.3,0,0,0.0108,0.70638132,751,131,882,6,6,1,0,1,1497,22
pepe-reina,Villarreal CF,6.6,6.6,0,0,,0.00279089,23,8,31,0,2,1,0,0,90,1
filip-jorgensen,Villarreal CF,7.2457142857143,253.6,0,0,0.0,0.0407377128,846,246,1092,1,4,0,0,0,3150,35
andre-silva,Real Sociedad,6.6294117647059,112.7,3,0,3.3006,0.22228973,129,29,158,6,1,0,6,16,736,18
mikel-oyarzabal,Real Sociedad,6.8709677419355,213.0,9,2,8.8507,1.31800081,360,110,470,9,3,0,19,38,2045,31
umar-sadiq,Real Sociedad,6.7076923076923,174.4,3,1,3.6403,0.93075901,128,52,180,31,4,0,10,33,1106,26
sheraldo-becker,Real Sociedad,6.9615384615385,90.5,2,2,1.3415,1.73901799,119,41,160,3,0,0,9,19,609,13
ander-barrenetxea,Real Sociedad,6.8346153846154,177.7,4,1,3.5123,0.82409592,339,131,470,37,1,0,12,37,1365,27
carlos-fernandez,Real Sociedad,6.71,67.1,2,1,1.4966,0.202509595,44,38,82,3,3,0,4,9,411,10
kubo-takefusa,Real Sociedad,7.4107142857143,207.5,7,4,3.4738,6.24132455,539,129,668,51,2,0,20,45,2065,29
arsen-zakharyan,Real Sociedad,6.8185185185185,184.1,1,2,2.307,2.17884528,320,100,420,10,1,0,8,30,1166,27
martin-zubimendi,Real Sociedad,7.0645161290323,219.0,4,1,2.697,2.0138009,1318,208,1526,12,5,0,11,22,2655,31
mikel-merino,Real Sociedad,7.1774193548387,222.5,4,3,3.192,2.40786389,1044,301,1345,23,10,0,10,29,2395,31
brais-mendez,Real Sociedad,7.1766666666667,215.3,4,6,3.9911,4.29641339,838,198,1036,24,6,0,15,61,2254,30
benat-turrientes,Real Sociedad,6.7296296296296,181.7,0,1,1.164,0.51712408,531,83,614,20,3,0,10,22,1552,27
jon-ander-olasagasti,Real Sociedad,6.6818181818182,73.5,0,0,0.8122,0.1630024,116,37,153,6,2,0,0,8,325,12
alvaro-odriozola,Real Sociedad,6.575,52.6,0,0,,0.2097049,167,21,188,2,0,0,0,0,397,9
kieran-tierney,Real Sociedad,6.9333333333333,124.8,0,2,0.1897,1.09191254,502,134,636,6,1,0,0,2,1101,18
hamari-traore,Real Sociedad,6.9275862068966,200.9,0,2,0.5418,2.21518566,972,178,1150,16,6,0,2,18,2130,29
robin-le-normand,Real Sociedad,6.9724137931034,202.2,2,0,1.0855,0.78870788,1562,200,1762,1,13,0,5,8,2473,29
javi-galan,Real Sociedad,6.8222222222222,122.8,0,1,0.138,1.0714017,432,93,525,19,4,0,1,3,1084,18
igor-zubeldia,Real Sociedad,6.8466666666667,205.4,0,2,0.7605,0.80991156,1475,260,1735,4,11,1,0,12,2524,30
aihen-munoz,Real Sociedad,6.8380952380952,143.6,0,2,0.2932,0.89581529691,391,115,506,10,2,0,2,7,1132,21
aritz-elustondo,Real Sociedad,6.8461538461538,89.0,0,1,0.1877,0.07916731,290,42,332,2,2,0,2,5,636,13
jon-pacheco,Real Sociedad,6.825,136.5,1,1,1.0574,0.333575899,905,137,1042,4,7,0,3,6,1350,21
urko-gonzalez,Real Sociedad,6.575,26.3,0,0,0.0353,0.0395473,67,18,85,0,1,0,0,1,148,4
alex-remiro,Real Sociedad,7.08,247.8,0,0,0.0,0.05907596,818,275,1093,0,2,1,0,0,3096,35
unai-marrero,Real Sociedad,6.65,13.3,0,0,,0.05263072,23,17,40,0,0,0,0,0,141,2
andre-silva,Real Sociedad,6.6294117647059,112.7,3,0,3.3006,0.22228973,129,29,158,6,1,0,6,16,736,18
mikel-oyarzabal,Real Sociedad,6.8709677419355,213.0,9,2,8.8507,1.31800081,360,110,470,9,3,0,19,38,2045,31
umar-sadiq,Real Sociedad,6.7076923076923,174.4,3,1,3.6403,0.93075901,128,52,180,31,4,0,10,33,1106,26
sheraldo-becker,Real Sociedad,6.9615384615385,90.5,2,2,1.3415,1.73901799,119,41,160,3,0,0,9,19,609,13
ander-barrenetxea,Real Sociedad,6.8346153846154,177.7,4,1,3.5123,0.82409592,339,131,470,37,1,0,12,37,1365,27
carlos-fernandez,Real Sociedad,6.71,67.1,2,1,1.4966,0.202509595,44,38,82,3,3,0,4,9,411,10
kubo-takefusa,Real Sociedad,7.4107142857143,207.5,7,4,3.4738,6.24132455,539,129,668,51,2,0,20,45,2065,29
arsen-zakharyan,Real Sociedad,6.8185185185185,184.1,1,2,2.307,2.17884528,320,100,420,10,1,0,8,30,1166,27
martin-zubimendi,Real Sociedad,7.0645161290323,219.0,4,1,2.697,2.0138009,1318,208,1526,12,5,0,11,22,2655,31
mikel-merino,Real Sociedad,7.1774193548387,222.5,4,3,3.192,2.40786389,1044,301,1345,23,10,0,10,29,2395,31
brais-mendez,Real Sociedad,7.1766666666667,215.3,4,6,3.9911,4.29641339,838,198,1036,24,6,0,15,61,2254,30
benat-turrientes,Real Sociedad,6.7296296296296,181.7,0,1,1.164,0.51712408,531,83,614,20,3,0,10,22,1552,27
jon-ander-olasagasti,Real Sociedad,6.6818181818182,73.5,0,0,0.8122,0.1630024,116,37,153,6,2,0,0,8,325,12
alvaro-odriozola,Real Sociedad,6.575,52.6,0,0,,0.2097049,167,21,188,2,0,0,0,0,397,9
kieran-tierney,Real Sociedad,6.9333333333333,124.8,0,2,0.1897,1.09191254,502,134,636,6,1,0,0,2,1101,18
hamari-traore,Real Sociedad,6.9275862068966,200.9,0,2,0.5418,2.21518566,972,178,1150,16,6,0,2,18,2130,29
robin-le-normand,Real Sociedad,6.9724137931034,202.2,2,0,1.0855,0.78870788,1562,200,1762,1,13,0,5,8,2473,29
javi-galan,Real Sociedad,6.8222222222222,122.8,0,1,0.138,1.0714017,432,93,525,19,4,0,1,3,1084,18
igor-zubeldia,Real Sociedad,6.8466666666667,205.4,0,2,0.7605,0.80991156,1475,260,1735,4,11,1,0,12,2524,30
aihen-munoz,Real Sociedad,6.8380952380952,143.6,0,2,0.2932,0.89581529691,391,115,506,10,2,0,2,7,1132,21
aritz-elustondo,Real Sociedad,6.8461538461538,89.0,0,1,0.1877,0.07916731,290,42,332,2,2,0,2,5,636,13
jon-pacheco,Real Sociedad,6.825,136.5,1,1,1.0574,0.333575899,905,137,1042,4,7,0,3,6,1350,21
urko-gonzalez,Real Sociedad,6.575,26.3,0,0,0.0353,0.0395473,67,18,85,0,1,0,0,1,148,4
alex-remiro,Real Sociedad,7.08,247.8,0,0,0.0,0.05907596,818,275,1093,0,2,1,0,0,3096,35
unai-marrero,Real Sociedad,6.65,13.3,0,0,,0.05263072,23,17,40,0,0,0,0,0,141,2
gorka-guruzeta,Athletic Club,7.190625,230.1,14,5,11.7074,1.76133927,418,183,601,19,2,0,31,64,2240,32
asier-villalibre,Athletic Club,6.70625,107.3,2,1,1.7007,0.65370476,82,30,112,4,0,0,5,11,455,16
malcom-ares,Athletic Club,6.675,80.1,0,0,0.1045,0.07087378,79,14,93,15,2,0,0,4,272,12
inaki-williams,Athletic Club,7.3515151515152,242.6,12,3,8.8343,5.7412048,614,223,837,49,4,0,42,90,2773,33
nico-williams,Athletic Club,7.1068965517241,206.1,4,10,5.0622,7.37204056,479,127,606,82,4,1,16,50,2115,29
ander-herrera,Athletic Club,6.9454545454545,152.8,0,3,0.7332,1.90704806,628,98,726,5,4,0,2,14,1008,22
oihan-sancet,Athletic Club,6.92,207.6,4,5,6.2956,2.94116863,634,132,766,26,3,2,12,42,1991,30
iker-muniain,Athletic Club,6.7526315789474,128.3,1,0,1.4645,1.27684263,302,36,338,13,1,0,6,12,544,19
alex-berenguer,Athletic Club,6.8875,220.4,7,2,5.1543,3.31884004,306,117,423,20,4,0,12,31,1476,33
raul-garcia,Athletic Club,6.5166666666667,117.3,0,0,0.468,0.49053328,62,36,98,2,4,0,0,7,304,18
mikel-vesga,Athletic Club,6.837037037037,184.6,3,1,2.7129,1.24667331,635,179,814,2,2,0,7,19,1545,27
inigo-ruiz-de-galarreta,Athletic Club,6.9555555555556,187.8,1,1,0.2985,2.16239833,873,185,1058,20,5,0,2,9,1939,27
dani-garcia,Athletic Club,6.68125,106.9,1,0,0.7724,0.19420294,252,44,296,1,4,0,3,6,652,16
unai-gomez,Athletic Club,6.725,161.4,2,0,1.4152,0.7162876,185,46,231,11,1,0,8,15,845,24
benat-prados,Athletic Club,6.828,170.7,0,0,0.4863,0.96975772,597,123,720,12,1,0,4,7,1366,25
yuri-berchiche,Athletic Club,7.136,178.4,3,1,0.8589,1.98326154,821,166,987,8,5,0,6,16,1782,25
daniel-vivian,Athletic Club,6.9161290322581,214.4,0,0,0.6919,0.58169289,1377,255,1632,5,6,0,1,11,2744,31
yeray-alvarez,Athletic Club,6.7941176470588,115.5,0,0,0.2376,0.35535297,520,115,635,2,1,1,2,6,1020,17
oscar-de-marcos,Athletic Club,7.0259259259259,189.7,1,4,0.6317,3.19966087,934,191,1125,6,5,0,2,5,2171,27
aitor-paredes,Athletic Club,6.7969696969697,224.3,1,0,1.1865,0.3558216,1305,210,1515,2,7,1,3,14,2626,33
inigo-lekue,Athletic Club,6.7346153846154,175.1,0,2,0.167,0.86024535,806,192,998,18,4,0,0,5,1911,26
imanol-garcia-de-albeniz,Athletic Club,6.6625,53.3,0,0,0.0149,0.2865354,209,41,250,4,2,0,0,1,492,8
unai-simon,Athletic Club,7.08,247.8,0,0,0.0,0.07935778,573,474,1047,0,2,0,0,0,3122,35
julen-agirrezabala,Athletic Club,6.3,12.6,0,0,,0.00326061,24,18,42,0,0,0,0,0,118,2
gorka-guruzeta,Athletic Club,7.190625,230.1,14,5,11.7074,1.76133927,418,183,601,19,2,0,31,64,2240,32
asier-villalibre,Athletic Club,6.70625,107.3,2,1,1.7007,0.65370476,82,30,112,4,0,0,5,11,455,16
malcom-ares,Athletic Club,6.675,80.1,0,0,0.1045,0.07087378,79,14,93,15,2,0,0,4,272,12
inaki-williams,Athletic Club,7.3515151515152,242.6,12,3,8.8343,5.7412048,614,223,837,49,4,0,42,90,2773,33
nico-williams,Athletic Club,7.1068965517241,206.1,4,10,5.0622,7.37204056,479,127,606,82,4,1,16,50,2115,29
ander-herrera,Athletic Club,6.9454545454545,152.8,0,3,0.7332,1.90704806,628,98,726,5,4,0,2,14,1008,22
oihan-sancet,Athletic Club,6.92,207.6,4,5,6.2956,2.94116863,634,132,766,26,3,2,12,42,1991,30
iker-muniain,Athletic Club,6.7526315789474,128.3,1,0,1.4645,1.27684263,302,36,338,13,1,0,6,12,544,19
alex-berenguer,Athletic Club,6.8875,220.4,7,2,5.1543,3.31884004,306,117,423,20,4,0,12,31,1476,33
raul-garcia,Athletic Club,6.5166666666667,117.3,0,0,0.468,0.49053328,62,36,98,2,4,0,0,7,304,18
mikel-vesga,Athletic Club,6.837037037037,184.6,3,1,2.7129,1.24667331,635,179,814,2,2,0,7,19,1545,27
inigo-ruiz-de-galarreta,Athletic Club,6.9555555555556,187.8,1,1,0.2985,2.16239833,873,185,1058,20,5,0,2,9,1939,27
dani-garcia,Athletic Club,6.68125,106.9,1,0,0.7724,0.19420294,252,44,296,1,4,0,3,6,652,16
unai-gomez,Athletic Club,6.725,161.4,2,0,1.4152,0.7162876,185,46,231,11,1,0,8,15,845,24
benat-prados,Athletic Club,6.828,170.7,0,0,0.4863,0.96975772,597,123,720,12,1,0,4,7,1366,25
yuri-berchiche,Athletic Club,7.136,178.4,3,1,0.8589,1.98326154,821,166,987,8,5,0,6,16,1782,25
daniel-vivian,Athletic Club,6.9161290322581,214.4,0,0,0.6919,0.58169289,1377,255,1632,5,6,0,1,11,2744,31
yeray-alvarez,Athletic Club,6.7941176470588,115.5,0,0,0.2376,0.35535297,520,115,635,2,1,1,2,6,1020,17
oscar-de-marcos,Athletic Club,7.0259259259259,189.7,1,4,0.6317,3.19966087,934,191,1125,6,5,0,2,5,2171,27
aitor-paredes,Athletic Club,6.7969696969697,224.3,1,0,1.1865,0.3558216,1305,210,1515,2,7,1,3,14,2626,33
inigo-lekue,Athletic Club,6.7346153846154,175.1,0,2,0.167,0.86024535,806,192,998,18,4,0,0,5,1911,26
imanol-garcia-de-albeniz,Athletic Club,6.6625,53.3,0,0,0.0149,0.2865354,209,41,250,4,2,0,0,1,492,8
unai-simon,Athletic Club,7.08,247.8,0,0,0.0,0.07935778,573,474,1047,0,2,0,0,0,3122,35
julen-agirrezabala,Athletic Club,6.3,12.6,0,0,,0.00326061,24,18,42,0,0,0,0,0,118,2
roman-yaremchuk,Valencia CF,6.6136363636364,145.5,3,0,3.8094,0.22678602,139,62,201,5,2,0,9,16,912,24
hugo-duro,Valencia CF,7.0285714285714,246.0,13,2,11.4851,0.5820579,389,148,537,12,4,0,29,65,2936,35
peter-gonzalez,Valencia CF,6.7076923076923,87.2,0,0,1.5938,0.52299278,81,37,118,10,1,0,6,14,580,13
alberto-mari,Valencia CF,6.6,85.8,0,1,0.8732,0.68992827,22,18,40,1,0,0,2,4,161,14
amallah-selim,Valencia CF,6.6789473684211,126.9,0,1,0.4164,0.34923261,120,40,160,18,3,1,5,11,633,20
pepelu,Valencia CF,7.24,253.4,6,1,6.459,4.45278043,1529,340,1869,12,4,0,11,33,3125,35
andre-almeida,Valencia CF,6.86875,109.9,2,1,0.3779,0.73827131,246,68,314,11,0,0,4,8,861,16
javier-guerra,Valencia CF,6.7205882352941,228.5,4,1,2.4257,1.87693133,652,234,886,36,3,1,14,38,2391,34
hugo-guillamon,Valencia CF,6.648,166.2,1,0,0.2079,0.49668695,517,120,637,2,6,0,2,3,1248,25
diego-lopez,Valencia CF,6.8323529411765,232.3,3,6,2.9371,2.19485922,445,212,657,26,2,0,13,35,2512,34
sergi-canos,Valencia CF,6.8375,164.1,1,2,1.6282,1.43953551,209,102,311,16,2,0,14,34,1075,25
fran-perez,Valencia CF,6.640625,212.5,1,4,1.0697,2.12083052,423,106,529,40,4,0,2,20,2069,32
mouctar-diakhaby,Valencia CF,6.9285714285714,97.0,1,0,0.7244,0.09344251,475,70,545,4,6,0,3,7,1071,14
jose-luis-gaya,Valencia CF,6.9521739130435,159.9,1,2,0.4868,2.45562964,625,163,788,8,2,0,1,10,1786,23
cenk-ozkacar,Valencia CF,6.7590909090909,148.7,0,0,0.256,0.29768112,664,146,810,3,3,0,3,6,1543,22
correia-thierry,Valencia CF,6.848275862069,198.6,0,2,0.6243,1.66152013,741,235,976,21,3,1,2,5,2048,29
cristhian-mosquera,Valencia CF,6.8911764705882,234.3,0,0,0.6736,0.14292582,1343,178,1521,6,2,0,2,9,2894,34
gasiorowski-yarek,Valencia CF,6.84,68.4,0,0,0.0119,0.05363636,130,44,174,0,1,0,0,1,557,12
dimitri-foulquier,Valencia CF,6.62,198.6,0,0,0.6388,0.74777428,510,197,707,22,2,0,1,7,1698,31
jesus-vazquez,Valencia CF,6.58,131.6,1,0,1.1581,0.17103144,120,59,179,6,1,0,2,7,727,20
giorgi-mamardashvili,Valencia CF,7.1114285714286,248.9,0,0,0.0,0.07840732,425,493,918,0,3,1,0,0,3109,35
jaume-domenech,Valencia CF,7.2,14.4,0,0,,0.00086315,11,18,29,0,0,0,0,0,79,2
cristian-rivero,Valencia CF,6.7,6.7,0,0,,8.987e-05,9,5,14,0,0,0,0,0,56,1
roman-yaremchuk,Valencia CF,6.6136363636364,145.5,3,0,3.8094,0.22678602,139,62,201,5,2,0,9,16,912,24
hugo-duro,Valencia CF,7.0285714285714,246.0,13,2,11.4851,0.5820579,389,148,537,12,4,0,29,65,2936,35
peter-gonzalez,Valencia CF,6.7076923076923,87.2,0,0,1.5938,0.52299278,81,37,118,10,1,0,6,14,580,13
alberto-mari,Valencia CF,6.6,85.8,0,1,0.8732,0.68992827,22,18,40,1,0,0,2,4,161,14
amallah-selim,Valencia CF,6.6789473684211,126.9,0,1,0.4164,0.34923261,120,40,160,18,3,1,5,11,633,20
pepelu,Valencia CF,7.24,253.4,6,1,6.459,4.45278043,1529,340,1869,12,4,0,11,33,3125,35
andre-almeida,Valencia CF,6.86875,109.9,2,1,0.3779,0.73827131,246,68,314,11,0,0,4,8,861,16
javier-guerra,Valencia CF,6.7205882352941,228.5,4,1,2.4257,1.87693133,652,234,886,36,3,1,14,38,2391,34
hugo-guillamon,Valencia CF,6.648,166.2,1,0,0.2079,0.49668695,517,120,637,2,6,0,2,3,1248,25
diego-lopez,Valencia CF,6.8323529411765,232.3,3,6,2.9371,2.19485922,445,212,657,26,2,0,13,35,2512,34
sergi-canos,Valencia CF,6.8375,164.1,1,2,1.6282,1.43953551,209,102,311,16,2,0,14,34,1075,25
fran-perez,Valencia CF,6.640625,212.5,1,4,1.0697,2.12083052,423,106,529,40,4,0,2,20,2069,32
mouctar-diakhaby,Valencia CF,6.9285714285714,97.0,1,0,0.7244,0.09344251,475,70,545,4,6,0,3,7,1071,14
jose-luis-gaya,Valencia CF,6.9521739130435,159.9,1,2,0.4868,2.45562964,625,163,788,8,2,0,1,10,1786,23
cenk-ozkacar,Valencia CF,6.7590909090909,148.7,0,0,0.256,0.29768112,664,146,810,3,3,0,3,6,1543,22
correia-thierry,Valencia CF,6.848275862069,198.6,0,2,0.6243,1.66152013,741,235,976,21,3,1,2,5,2048,29
cristhian-mosquera,Valencia CF,6.8911764705882,234.3,0,0,0.6736,0.14292582,1343,178,1521,6,2,0,2,9,2894,34
gasiorowski-yarek,Valencia CF,6.84,68.4,0,0,0.0119,0.05363636,130,44,174,0,1,0,0,1,557,12
dimitri-foulquier,Valencia CF,6.62,198.6,0,0,0.6388,0.74777428,510,197,707,22,2,0,1,7,1698,31
jesus-vazquez,Valencia CF,6.58,131.6,1,0,1.1581,0.17103144,120,59,179,6,1,0,2,7,727,20
giorgi-mamardashvili,Valencia CF,7.1114285714286,248.9,0,0,0.0,0.07840732,425,493,918,0,3,1,0,0,3109,35
jaume-domenech,Valencia CF,7.2,14.4,0,0,,0.00086315,11,18,29,0,0,0,0,0,79,2
cristian-rivero,Valencia CF,6.7,6.7,0,0,,8.987e-05,9,5,14,0,0,0,0,0,56,1
iago-aspas,Celta de Vigo,7.530303030303,248.5,8,9,10.5441,9.03723882,847,223,1070,26,6,1,26,75,2550,33
jorgen-strand-larsen,Celta de Vigo,6.9,241.5,12,2,13.7472,1.6977867,403,169,572,29,5,0,34,80,2796,35
douvikas-anastasios,Celta de Vigo,6.7857142857143,190.0,6,1,4.0868,0.58860286,95,56,151,9,2,0,13,23,853,30
carles-perez,Celta de Vigo,6.725,107.6,1,1,1.1809,0.78764524,193,43,236,14,3,0,6,24,768,16
miguel-rodriguez,Celta de Vigo,6.4916666666667,77.9,0,0,0.1419,0.13930224,50,14,64,3,2,0,0,5,241,14
jonathan-bamba,Celta de Vigo,6.9923076923077,181.8,2,2,2.774,3.69153288,556,132,688,41,0,0,15,40,1948,26
renato-tapia,Celta de Vigo,7.0388888888889,126.7,0,0,1.0173,0.66112216,503,157,660,27,3,1,1,19,1277,19
franco-cervi,Celta de Vigo,6.8352941176471,116.2,0,1,0.4648,1.22862346,203,37,240,0,2,0,1,8,562,17
williot-swedberg,Celta de Vigo,6.8692307692308,89.3,5,0,2.2724,0.54910457,72,23,95,7,1,0,6,12,384,14
luca-de-la-torre,Celta de Vigo,6.6931034482759,194.1,1,4,2.034,1.4902983,607,121,728,10,2,1,7,23,1911,30
fran-beltran,Celta de Vigo,6.7833333333333,203.5,0,0,0.7071,1.6930791,1094,160,1254,12,2,0,3,20,2309,31
dotor-carlos,Celta de Vigo,6.6384615384615,86.3,0,0,0.1685,0.28455682,273,51,324,3,2,0,0,4,701,16
jailson,Celta de Vigo,6.8076923076923,88.5,0,1,0.2004,0.43622339,358,67,425,6,1,0,3,5,803,13
tadeo-allende,Celta de Vigo,6.5333333333333,58.8,1,0,1.4385,0.18083274,56,29,85,3,1,0,2,8,305,9
hugo-sotelo,Celta de Vigo,6.7428571428571,94.4,0,0,0.2225,0.50266408,423,38,461,3,0,0,1,6,558,15
oscar-mingueza,Celta de Vigo,7.0166666666667,252.6,2,2,2.613,6.03084843,1191,281,1472,33,4,0,12,27,2822,36
joseph-aidoo,Celta de Vigo,6.7166666666667,40.3,0,0,0.0995,0.03687235,142,39,181,2,0,0,0,3,416,6
mihailo-ristic,Celta de Vigo,6.725,80.7,0,0,0.3451,0.47488824,291,98,389,7,2,0,4,10,807,12
unai-nunez,Celta de Vigo,6.9515151515152,229.4,1,0,1.4401,1.03442971,1295,326,1621,10,4,0,5,22,2791,33
manuel-sanchez,Celta de Vigo,6.792,169.8,0,5,0.4891,2.97100067,488,150,638,11,3,0,2,9,1786,26
carl-starfelt,Celta de Vigo,6.9846153846154,181.6,1,0,1.4008,0.10699459,872,117,989,0,4,0,5,12,2133,26
javier-manquillo,Celta de Vigo,6.61,66.1,0,1,0.1058,0.43849325,273,54,327,4,3,0,0,1,656,11
carlos-dominguez,Celta de Vigo,6.78,135.6,0,0,0.2769,0.25223759,634,166,800,2,2,0,0,5,1526,20
kevin-vazquez,Celta de Vigo,6.6181818181818,72.8,0,0,0.0373,0.35582812,184,68,252,3,3,0,1,2,653,11
vicente-guaita,Celta de Vigo,7.1384615384615,185.6,0,0,,0.0219593,409,230,639,0,2,0,0,0,2312,26
ivan-villar,Celta de Vigo,6.6272727272727,72.9,0,0,0.0,0.00993494,139,106,245,0,0,2,0,0,925,11
iago-aspas,Celta de Vigo,7.530303030303,248.5,8,9,10.5441,9.03723882,847,223,1070,26,6,1,26,75,2550,33
jorgen-strand-larsen,Celta de Vigo,6.9,241.5,12,2,13.7472,1.6977867,403,169,572,29,5,0,34,80,2796,35
douvikas-anastasios,Celta de Vigo,6.7857142857143,190.0,6,1,4.0868,0.58860286,95,56,151,9,2,0,13,23,853,30
carles-perez,Celta de Vigo,6.725,107.6,1,1,1.1809,0.78764524,193,43,236,14,3,0,6,24,768,16
miguel-rodriguez,Celta de Vigo,6.4916666666667,77.9,0,0,0.1419,0.13930224,50,14,64,3,2,0,0,5,241,14
jonathan-bamba,Celta de Vigo,6.9923076923077,181.8,2,2,2.774,3.69153288,556,132,688,41,0,0,15,40,1948,26
renato-tapia,Celta de Vigo,7.0388888888889,126.7,0,0,1.0173,0.66112216,503,157,660,27,3,1,1,19,1277,19
franco-cervi,Celta de Vigo,6.8352941176471,116.2,0,1,0.4648,1.22862346,203,37,240,0,2,0,1,8,562,17
williot-swedberg,Celta de Vigo,6.8692307692308,89.3,5,0,2.2724,0.54910457,72,23,95,7,1,0,6,12,384,14
luca-de-la-torre,Celta de Vigo,6.6931034482759,194.1,1,4,2.034,1.4902983,607,121,728,10,2,1,7,23,1911,30
fran-beltran,Celta de Vigo,6.7833333333333,203.5,0,0,0.7071,1.6930791,1094,160,1254,12,2,0,3,20,2309,31
dotor-carlos,Celta de Vigo,6.6384615384615,86.3,0,0,0.1685,0.28455682,273,51,324,3,2,0,0,4,701,16
jailson,Celta de Vigo,6.8076923076923,88.5,0,1,0.2004,0.43622339,358,67,425,6,1,0,3,5,803,13
tadeo-allende,Celta de Vigo,6.5333333333333,58.8,1,0,1.4385,0.18083274,56,29,85,3,1,0,2,8,305,9
hugo-sotelo,Celta de Vigo,6.7428571428571,94.4,0,0,0.2225,0.50266408,423,38,461,3,0,0,1,6,558,15
oscar-mingueza,Celta de Vigo,7.0166666666667,252.6,2,2,2.613,6.03084843,1191,281,1472,33,4,0,12,27,2822,36
joseph-aidoo,Celta de Vigo,6.7166666666667,40.3,0,0,0.0995,0.03687235,142,39,181,2,0,0,0,3,416,6
mihailo-ristic,Celta de Vigo,6.725,80.7,0,0,0.3451,0.47488824,291,98,389,7,2,0,4,10,807,12
unai-nunez,Celta de Vigo,6.9515151515152,229.4,1,0,1.4401,1.03442971,1295,326,1621,10,4,0,5,22,2791,33
manuel-sanchez,Celta de Vigo,6.792,169.8,0,5,0.4891,2.97100067,488,150,638,11,3,0,2,9,1786,26
carl-starfelt,Celta de Vigo,6.9846153846154,181.6,1,0,1.4008,0.10699459,872,117,989,0,4,0,5,12,2133,26
javier-manquillo,Celta de Vigo,6.61,66.1,0,1,0.1058,0.43849325,273,54,327,4,3,0,0,1,656,11
carlos-dominguez,Celta de Vigo,6.78,135.6,0,0,0.2769,0.25223759,634,166,800,2,2,0,0,5,1526,20
kevin-vazquez,Celta de Vigo,6.6181818181818,72.8,0,0,0.0373,0.35582812,184,68,252,3,3,0,1,2,653,11
vicente-guaita,Celta de Vigo,7.1384615384615,185.6,0,0,,0.0219593,409,230,639,0,2,0,0,0,2312,26
ivan-villar,Celta de Vigo,6.6272727272727,72.9,0,0,0.0,0.00993494,139,106,245,0,0,2,0,0,925,11
borja-mayoral,Getafe CF,7.0407407407407,190.1,15,1,11.8635,1.324124,414,119,533,18,2,0,27,47,2162,27
juanmi-latasa,Getafe CF,6.7933333333333,203.8,2,0,3.7802,1.40276807,189,168,357,6,4,1,15,43,1516,31
mason-greenwood,Getafe CF,7.1451612903226,221.5,8,6,8.2227,4.08926121,707,161,868,68,6,0,31,91,2487,31
ilaix-moriba,Getafe CF,6.7692307692308,88.0,0,2,0.3443,0.41884879,141,51,192,4,3,0,1,4,593,13
carles-alena,Getafe CF,6.6555555555556,179.7,1,1,1.2436,1.03751129,282,65,347,6,5,0,5,16,972,27
nemanja-maksimovic,Getafe CF,6.9485714285714,243.2,4,0,5.5098,1.52804904,783,179,962,5,3,0,15,34,3092,35
oscar-rodriguez,Getafe CF,6.8428571428571,143.7,2,0,1.4521,1.30293514,299,88,387,12,9,0,9,31,900,23
luis-milla,Getafe CF,7.0625,169.5,0,1,0.5696,2.06155195,918,179,1097,11,6,0,5,14,2015,25
mauro-arambarri,Getafe CF,6.5714285714286,46.0,0,0,0.5234,0.1372219,111,24,135,2,2,0,2,9,337,7
jaime-mata,Getafe CF,6.7774193548387,210.1,5,1,5.3261,1.58130466,302,140,442,7,8,1,11,29,1648,33
jose-angel-carmona,Getafe CF,6.5807692307692,171.1,1,1,0.8348,1.39128197,341,97,438,9,8,0,3,12,1275,28
yellu-santiago,Getafe CF,6.6545454545455,73.2,1,0,0.5915,0.23471963,127,36,163,3,4,0,2,5,570,12
alberto-risco,Getafe CF,6.5,13.0,0,0,,0.02382652,7,4,11,0,0,0,0,0,30,2
djene,Getafe CF,6.6935483870968,207.5,0,0,0.1261,0.63403168,778,211,989,18,12,1,1,6,2370,31
omar-alderete,Getafe CF,6.7444444444444,182.1,0,1,1.1591,0.81362351,623,332,955,9,8,1,4,23,2014,29
domingos-duarte,Getafe CF,6.4666666666667,97.0,0,0,0.2651,0.12561504,292,84,376,1,3,2,0,1,921,15
diego-rico,Getafe CF,6.958064516129,215.7,0,7,0.3024,3.41386896,692,334,1026,11,9,0,4,16,2480,31
gaston-alvarez,Getafe CF,6.75625,216.2,1,0,0.6654,0.35152896,639,200,839,9,7,0,2,13,2373,32
fabrizio-angileri,Getafe CF,6.675,53.4,0,0,0.0,0.85781832,59,30,89,2,2,1,0,0,184,11
juan-iglesias,Getafe CF,6.8260869565217,157.0,0,2,0.5993,0.95536128,298,159,457,6,4,0,6,15,1419,23
david-soria,Getafe CF,7.1111111111111,256.0,0,0,0.0,0.11202377,543,573,1116,0,3,0,0,0,3240,36
borja-mayoral,Getafe CF,7.0407407407407,190.1,15,1,11.8635,1.324124,414,119,533,18,2,0,27,47,2162,27
juanmi-latasa,Getafe CF,6.7933333333333,203.8,2,0,3.7802,1.40276807,189,168,357,6,4,1,15,43,1516,31
mason-greenwood,Getafe CF,7.1451612903226,221.5,8,6,8.2227,4.08926121,707,161,868,68,6,0,31,91,2487,31
ilaix-moriba,Getafe CF,6.7692307692308,88.0,0,2,0.3443,0.41884879,141,51,192,4,3,0,1,4,593,13
carles-alena,Getafe CF,6.6555555555556,179.7,1,1,1.2436,1.03751129,282,65,347,6,5,0,5,16,972,27
nemanja-maksimovic,Getafe CF,6.9485714285714,243.2,4,0,5.5098,1.52804904,783,179,962,5,3,0,15,34,3092,35
oscar-rodriguez,Getafe CF,6.8428571428571,143.7,2,0,1.4521,1.30293514,299,88,387,12,9,0,9,31,900,23
luis-milla,Getafe CF,7.0625,169.5,0,1,0.5696,2.06155195,918,179,1097,11,6,0,5,14,2015,25
mauro-arambarri,Getafe CF,6.5714285714286,46.0,0,0,0.5234,0.1372219,111,24,135,2,2,0,2,9,337,7
jaime-mata,Getafe CF,6.7774193548387,210.1,5,1,5.3261,1.58130466,302,140,442,7,8,1,11,29,1648,33
jose-angel-carmona,Getafe CF,6.5807692307692,171.1,1,1,0.8348,1.39128197,341,97,438,9,8,0,3,12,1275,28
yellu-santiago,Getafe CF,6.6545454545455,73.2,1,0,0.5915,0.23471963,127,36,163,3,4,0,2,5,570,12
alberto-risco,Getafe CF,6.5,13.0,0,0,,0.02382652,7,4,11,0,0,0,0,0,30,2
djene,Getafe CF,6.6935483870968,207.5,0,0,0.1261,0.63403168,778,211,989,18,12,1,1,6,2370,31
omar-alderete,Getafe CF,6.7444444444444,182.1,0,1,1.1591,0.81362351,623,332,955,9,8,1,4,23,2014,29
domingos-duarte,Getafe CF,6.4666666666667,97.0,0,0,0.2651,0.12561504,292,84,376,1,3,2,0,1,921,15
diego-rico,Getafe CF,6.958064516129,215.7,0,7,0.3024,3.41386896,692,334,1026,11,9,0,4,16,2480,31
gaston-alvarez,Getafe CF,6.75625,216.2,1,0,0.6654,0.35152896,639,200,839,9,7,0,2,13,2373,32
fabrizio-angileri,Getafe CF,6.675,53.4,0,0,0.0,0.85781832,59,30,89,2,2,1,0,0,184,11
juan-iglesias,Getafe CF,6.8260869565217,157.0,0,2,0.5993,0.95536128,298,159,457,6,4,0,6,15,1419,23
david-soria,Getafe CF,7.1111111111111,256.0,0,0,0.0,0.11202377,543,573,1116,0,3,0,0,0,3240,36
artem-dovbyk,Girona,7.1352941176471,242.6,20,7,20.84,3.24562165,264,105,369,16,2,0,42,79,2436,34
cristhian-stuani,Girona,6.8206896551724,197.8,8,2,8.5191,0.22849464,77,30,107,1,6,0,16,32,762,29
portu,Girona,6.8151515151515,224.9,7,5,3.4843,2.44612536,237,55,292,4,3,0,12,20,1212,34
savio,Girona,7.2485714285714,253.7,8,9,5.3851,9.02323234,730,151,881,98,5,0,18,41,2876,35
pablo-torre,Girona,6.6727272727273,146.8,0,2,0.744,1.3176234,334,62,396,5,1,0,1,12,669,25
viktor-tsygankov,Girona,7.1,198.8,6,5,5.0804,5.46279103,632,129,761,18,0,0,13,36,1943,28
aleix-garcia,Girona,7.4657142857143,261.3,3,6,1.6229,5.90756773,2309,214,2523,13,4,1,11,36,3021,35
yangel-herrera,Girona,7.0962962962963,191.6,5,0,4.7047,1.67506382,921,130,1051,20,9,0,17,49,1996,27
jhon-solis,Girona,6.5294117647059,111.0,0,0,1.0664,0.24483173,190,34,224,6,0,0,3,9,412,18
ivan-martin,Girona,6.9382352941176,235.9,5,3,2.779,3.06388613,1355,116,1471,33,5,0,11,18,2570,34
toni-villa,Girona,6.6,13.2,0,0,0.0238,0.01152267,7,1,8,0,0,0,1,1,24,2
eric-garcia,Girona,7.1133333333333,213.4,4,0,2.668,0.989734,1876,205,2081,4,4,0,5,16,2539,30
couto-yan,Girona,6.9333333333333,228.8,1,8,1.5419,3.86725522,882,190,1072,47,8,0,11,29,2205,33
daley-blind,Girona,7.05625,225.8,1,2,1.6141,1.71454242,2131,234,2365,14,6,0,5,16,2798,32
miguel-gutierrez,Girona,7.0176470588235,238.6,2,6,2.7592,6.48839311,1307,174,1481,24,4,0,5,34,2972,34
arnau-martinez,Girona,6.7578947368421,128.4,0,2,0.199,1.38230229,609,69,678,2,5,0,0,1,1134,19
david-lopez,Girona,6.9565217391304,160.0,3,0,1.9851,0.38751472,1327,105,1432,5,3,0,6,14,1835,23
valery-fernandez,Girona,6.6791666666667,160.3,2,0,0.692,0.54076422,171,20,191,7,1,0,2,5,511,26
juanpe,Girona,6.75,94.5,0,0,0.1881,0.039388694,486,48,534,1,4,0,0,4,726,16
paulo-gazzaniga,Girona,7.2138888888889,259.7,0,0,0.0,0.05084364,862,285,1147,6,2,0,0,0,3240,36
artem-dovbyk,Girona,7.1352941176471,242.6,20,7,20.84,3.24562165,264,105,369,16,2,0,42,79,2436,34
cristhian-stuani,Girona,6.8206896551724,197.8,8,2,8.5191,0.22849464,77,30,107,1,6,0,16,32,762,29
portu,Girona,6.8151515151515,224.9,7,5,3.4843,2.44612536,237,55,292,4,3,0,12,20,1212,34
savio,Girona,7.2485714285714,253.7,8,9,5.3851,9.02323234,730,151,881,98,5,0,18,41,2876,35
pablo-torre,Girona,6.6727272727273,146.8,0,2,0.744,1.3176234,334,62,396,5,1,0,1,12,669,25
viktor-tsygankov,Girona,7.1,198.8,6,5,5.0804,5.46279103,632,129,761,18,0,0,13,36,1943,28
aleix-garcia,Girona,7.4657142857143,261.3,3,6,1.6229,5.90756773,2309,214,2523,13,4,1,11,36,3021,35
yangel-herrera,Girona,7.0962962962963,191.6,5,0,4.7047,1.67506382,921,130,1051,20,9,0,17,49,1996,27
jhon-solis,Girona,6.5294117647059,111.0,0,0,1.0664,0.24483173,190,34,224,6,0,0,3,9,412,18
ivan-martin,Girona,6.9382352941176,235.9,5,3,2.779,3.06388613,1355,116,1471,33,5,0,11,18,2570,34
toni-villa,Girona,6.6,13.2,0,0,0.0238,0.01152267,7,1,8,0,0,0,1,1,24,2
eric-garcia,Girona,7.1133333333333,213.4,4,0,2.668,0.989734,1876,205,2081,4,4,0,5,16,2539,30
couto-yan,Girona,6.9333333333333,228.8,1,8,1.5419,3.86725522,882,190,1072,47,8,0,11,29,2205,33
daley-blind,Girona,7.05625,225.8,1,2,1.6141,1.71454242,2131,234,2365,14,6,0,5,16,2798,32
miguel-gutierrez,Girona,7.0176470588235,238.6,2,6,2.7592,6.48839311,1307,174,1481,24,4,0,5,34,2972,34
arnau-martinez,Girona,6.7578947368421,128.4,0,2,0.199,1.38230229,609,69,678,2,5,0,0,1,1134,19
david-lopez,Girona,6.9565217391304,160.0,3,0,1.9851,0.38751472,1327,105,1432,5,3,0,6,14,1835,23
valery-fernandez,Girona,6.6791666666667,160.3,2,0,0.692,0.54076422,171,20,191,7,1,0,2,5,511,26
juanpe,Girona,6.75,94.5,0,0,0.1881,0.039388694,486,48,534,1,4,0,0,4,726,16
paulo-gazzaniga,Girona,7.2138888888889,259.7,0,0,0.0,0.05084364,862,285,1147,6,2,0,0,0,3240,36
ante-budimir,CA Osasuna,7.2161290322581,223.7,16,2,13.8105,1.78611067,230,189,419,10,4,0,32,74,2385,31
jose-manuel-arnaiz,CA Osasuna,6.8090909090909,149.8,2,1,1.7482,1.59405495,217,51,268,11,2,0,9,29,919,25
kike-barja,CA Osasuna,6.58,98.7,0,0,0.2239,0.38034711,78,12,90,11,3,0,2,4,314,16
moi-gomez,CA Osasuna,6.9074074074074,186.5,3,0,1.7213,1.85843916,916,179,1095,17,3,0,8,19,1986,27
ruben-garcia,CA Osasuna,6.9857142857143,195.6,3,2,2.2819,3.50211035,476,181,657,18,1,0,10,28,1522,29
aimar-oroz,CA Osasuna,6.8258064516129,211.6,1,1,2.4918,2.13772657,793,168,961,25,3,0,5,21,2211,31
lucas-torro,CA Osasuna,6.7615384615385,175.8,0,0,1.173,0.56492001,551,177,728,4,5,0,5,26,1640,26
jon-moncayola,CA Osasuna,6.7516129032258,209.3,1,3,0.6079,2.45316949,735,169,904,6,2,1,5,16,1774,31
iker-munoz,CA Osasuna,6.852,171.3,4,0,1.0183,0.41891738,675,214,889,4,3,0,6,22,1676,26
pablo-ibanez-lumbreras,CA Osasuna,6.66,199.8,1,1,2.2235,1.02476615,301,86,387,8,5,0,7,26,1017,31
johan-mojica,CA Osasuna,6.7518518518519,182.3,0,3,0.998,3.13391147,647,187,834,16,1,0,1,16,1861,28
david-garcia,CA Osasuna,6.962962962963,188.0,0,1,0.9503,0.99308428,1101,224,1325,3,5,0,2,15,2336,27
alejandro-catena,CA Osasuna,6.7464285714286,188.9,1,2,1.2919,0.77695875,1024,230,1254,3,7,1,4,16,2367,28
ruben-pena,CA Osasuna,6.7740740740741,182.9,0,1,0.7574,2.34929882,471,189,660,33,2,0,4,15,1943,27
jesus-areso,CA Osasuna,6.8771428571429,240.7,1,5,0.144,2.55565134,716,173,889,41,3,0,2,7,2497,35
juan-cruz,CA Osasuna,6.6192307692308,172.1,0,1,0.0439,0.62110513,612,139,751,3,3,0,0,3,1663,26
unai-garcia,CA Osasuna,6.5375,52.3,1,0,0.1122,0.02080134,154,38,192,0,3,1,1,2,548,8
herrando-jorge,CA Osasuna,6.7058823529412,114.0,0,0,0.3583,0.10839587,502,137,639,2,4,0,0,4,1464,17
sergio-herrera,CA Osasuna,7.0,217.0,0,0,0.0,0.07920736,634,402,1036,0,2,0,0,0,2780,31
aitor-fernandez,CA Osasuna,6.5166666666667,39.1,0,0,0.0,0.01589601,93,54,147,0,2,0,0,0,460,6
ante-budimir,CA Osasuna,7.2161290322581,223.7,16,2,13.8105,1.78611067,230,189,419,10,4,0,32,74,2385,31
jose-manuel-arnaiz,CA Osasuna,6.8090909090909,149.8,2,1,1.7482,1.59405495,217,51,268,11,2,0,9,29,919,25
kike-barja,CA Osasuna,6.58,98.7,0,0,0.2239,0.38034711,78,12,90,11,3,0,2,4,314,16
moi-gomez,CA Osasuna,6.9074074074074,186.5,3,0,1.7213,1.85843916,916,179,1095,17,3,0,8,19,1986,27
ruben-garcia,CA Osasuna,6.9857142857143,195.6,3,2,2.2819,3.50211035,476,181,657,18,1,0,10,28,1522,29
aimar-oroz,CA Osasuna,6.8258064516129,211.6,1,1,2.4918,2.13772657,793,168,961,25,3,0,5,21,2211,31
lucas-torro,CA Osasuna,6.7615384615385,175.8,0,0,1.173,0.56492001,551,177,728,4,5,0,5,26,1640,26
jon-moncayola,CA Osasuna,6.7516129032258,209.3,1,3,0.6079,2.45316949,735,169,904,6,2,1,5,16,1774,31
iker-munoz,CA Osasuna,6.852,171.3,4,0,1.0183,0.41891738,675,214,889,4,3,0,6,22,1676,26
pablo-ibanez-lumbreras,CA Osasuna,6.66,199.8,1,1,2.2235,1.02476615,301,86,387,8,5,0,7,26,1017,31
johan-mojica,CA Osasuna,6.7518518518519,182.3,0,3,0.998,3.13391147,647,187,834,16,1,0,1,16,1861,28
david-garcia,CA Osasuna,6.962962962963,188.0,0,1,0.9503,0.99308428,1101,224,1325,3,5,0,2,15,2336,27
alejandro-catena,CA Osasuna,6.7464285714286,188.9,1,2,1.2919,0.77695875,1024,230,1254,3,7,1,4,16,2367,28
ruben-pena,CA Osasuna,6.7740740740741,182.9,0,1,0.7574,2.34929882,471,189,660,33,2,0,4,15,1943,27
jesus-areso,CA Osasuna,6.8771428571429,240.7,1,5,0.144,2.55565134,716,173,889,41,3,0,2,7,2497,35
juan-cruz,CA Osasuna,6.6192307692308,172.1,0,1,0.0439,0.62110513,612,139,751,3,3,0,0,3,1663,26
unai-garcia,CA Osasuna,6.5375,52.3,1,0,0.1122,0.02080134,154,38,192,0,3,1,1,2,548,8
herrando-jorge,CA Osasuna,6.7058823529412,114.0,0,0,0.3583,0.10839587,502,137,639,2,4,0,0,4,1464,17
sergio-herrera,CA Osasuna,7.0,217.0,0,0,0.0,0.07920736,634,402,1036,0,2,0,0,0,2780,31
aitor-fernandez,CA Osasuna,6.5166666666667,39.1,0,0,0.0,0.01589601,93,54,147,0,2,0,0,0,460,6
omorodion-samuel,Deportivo Alavés,6.6848484848485,220.6,9,1,11.2109,0.60843486,233,85,318,19,5,0,27,64,1941,33
giuliano-simeone,Deportivo Alavés,6.6545454545455,73.2,1,1,1.4551,0.42231093,90,29,119,8,0,0,2,11,458,12
kike-garcia,Deportivo Alavés,6.8612903225806,212.7,3,2,6.942,1.34268743,193,87,280,15,3,0,26,55,1396,32
panichelli-joaquin,Deportivo Alavés,6.6,46.2,0,0,0.3471,0.05374863,23,13,36,0,0,0,2,6,159,7
ianis-hagi,Deportivo Alavés,6.89,137.8,0,2,2.7814,1.76042022,156,52,208,12,2,0,9,26,721,20
antonio-blanco,Deportivo Alavés,6.7935483870968,210.6,0,1,0.8472,1.03846666,786,220,1006,19,4,1,3,20,2354,32
abderrahman-rebbach,Deportivo Alavés,6.6952380952381,140.6,1,0,0.8197,1.68863765,96,48,144,10,1,0,4,17,722,22
luis-rioja,Deportivo Alavés,7.0055555555556,252.2,5,4,6.1566,4.19242035,492,165,657,41,4,0,19,57,2530,36
carlos-benavidez,Deportivo Alavés,6.8107142857143,190.7,3,1,1.0401,0.66289955,307,125,432,2,4,0,7,14,1088,28
ander-guevara,Deportivo Alavés,6.7771428571429,237.2,1,0,0.6801,1.47705456,1076,330,1406,19,7,0,3,16,2818,35
jon-guridi,Deportivo Alavés,6.8441176470588,232.7,3,4,4.0016,2.82716105,600,155,755,13,2,0,8,36,2520,34
vicente-carlos,Deportivo Alavés,6.925,110.8,0,4,1.1421,2.31917232,150,80,230,14,1,0,5,12,940,16
alex-sola,Deportivo Alavés,6.84,205.2,0,3,1.5484,2.10547219,212,84,296,43,2,0,6,26,1225,30
xeber-alkain,Deportivo Alavés,6.65,53.2,0,0,0.3652,0.50248951,63,21,84,3,1,0,0,5,319,10
abqar-abdelkabir,Deportivo Alavés,6.796,169.9,0,0,0.3355,0.15285469,526,189,715,3,10,0,2,8,2179,25
rafa-marin,Deportivo Alavés,6.86,205.8,0,0,0.6171,0.35921729,832,172,1004,3,6,0,3,12,2415,32
andoni-gorosabel,Deportivo Alavés,6.8382352941176,232.5,1,0,0.7197,2.44621205,786,173,959,25,6,0,6,15,2860,34
ruben-duarte,Deportivo Alavés,6.8192307692308,177.3,2,0,0.6476,1.34535786,420,170,590,3,7,0,5,14,1712,26
nahuel-tenaglia,Deportivo Alavés,6.7727272727273,149.0,1,0,0.6365,0.70894103,267,90,357,7,4,0,1,8,1079,24
lopez-javi,Deportivo Alavés,6.8068965517241,197.4,1,3,0.861,2.46471527,530,206,736,38,3,0,3,17,2220,30
aleksandar-sedlar,Deportivo Alavés,6.7545454545455,74.3,1,0,0.3015,0.08281965,342,61,403,2,2,0,1,4,948,11
jesus-owono,Deportivo Alavés,7.0,14.0,0,0,,0.00893011,33,18,51,0,1,0,0,0,180,2
antonio-sivera,Deportivo Alavés,7.05,239.7,0,0,0.0,0.13608305,539,447,986,0,3,0,0,0,3060,34
omorodion-samuel,Deportivo Alavés,6.6848484848485,220.6,9,1,11.2109,0.60843486,233,85,318,19,5,0,27,64,1941,33
giuliano-simeone,Deportivo Alavés,6.6545454545455,73.2,1,1,1.4551,0.42231093,90,29,119,8,0,0,2,11,458,12
kike-garcia,Deportivo Alavés,6.8612903225806,212.7,3,2,6.942,1.34268743,193,87,280,15,3,0,26,55,1396,32
panichelli-joaquin,Deportivo Alavés,6.6,46.2,0,0,0.3471,0.05374863,23,13,36,0,0,0,2,6,159,7
ianis-hagi,Deportivo Alavés,6.89,137.8,0,2,2.7814,1.76042022,156,52,208,12,2,0,9,26,721,20
antonio-blanco,Deportivo Alavés,6.7935483870968,210.6,0,1,0.8472,1.03846666,786,220,1006,19,4,1,3,20,2354,32
abderrahman-rebbach,Deportivo Alavés,6.6952380952381,140.6,1,0,0.8197,1.68863765,96,48,144,10,1,0,4,17,722,22
luis-rioja,Deportivo Alavés,7.0055555555556,252.2,5,4,6.1566,4.19242035,492,165,657,41,4,0,19,57,2530,36
carlos-benavidez,Deportivo Alavés,6.8107142857143,190.7,3,1,1.0401,0.66289955,307,125,432,2,4,0,7,14,1088,28
ander-guevara,Deportivo Alavés,6.7771428571429,237.2,1,0,0.6801,1.47705456,1076,330,1406,19,7,0,3,16,2818,35
jon-guridi,Deportivo Alavés,6.8441176470588,232.7,3,4,4.0016,2.82716105,600,155,755,13,2,0,8,36,2520,34
vicente-carlos,Deportivo Alavés,6.925,110.8,0,4,1.1421,2.31917232,150,80,230,14,1,0,5,12,940,16
alex-sola,Deportivo Alavés,6.84,205.2,0,3,1.5484,2.10547219,212,84,296,43,2,0,6,26,1225,30
xeber-alkain,Deportivo Alavés,6.65,53.2,0,0,0.3652,0.50248951,63,21,84,3,1,0,0,5,319,10
abqar-abdelkabir,Deportivo Alavés,6.796,169.9,0,0,0.3355,0.15285469,526,189,715,3,10,0,2,8,2179,25
rafa-marin,Deportivo Alavés,6.86,205.8,0,0,0.6171,0.35921729,832,172,1004,3,6,0,3,12,2415,32
andoni-gorosabel,Deportivo Alavés,6.8382352941176,232.5,1,0,0.7197,2.44621205,786,173,959,25,6,0,6,15,2860,34
ruben-duarte,Deportivo Alavés,6.8192307692308,177.3,2,0,0.6476,1.34535786,420,170,590,3,7,0,5,14,1712,26
nahuel-tenaglia,Deportivo Alavés,6.7727272727273,149.0,1,0,0.6365,0.70894103,267,90,357,7,4,0,1,8,1079,24
lopez-javi,Deportivo Alavés,6.8068965517241,197.4,1,3,0.861,2.46471527,530,206,736,38,3,0,3,17,2220,30
aleksandar-sedlar,Deportivo Alavés,6.7545454545455,74.3,1,0,0.3015,0.08281965,342,61,403,2,2,0,1,4,948,11
jesus-owono,Deportivo Alavés,7.0,14.0,0,0,,0.00893011,33,18,51,0,1,0,0,0,180,2
antonio-sivera,Deportivo Alavés,7.05,239.7,0,0,0.0,0.13608305,539,447,986,0,3,0,0,0,3060,34
myrto-uzuni,Granada CF,6.75,229.5,11,1,12.9065,3.0170816,225,60,285,13,3,0,28,63,2459,34
matias-arezo,Granada CF,6.6071428571429,92.5,0,0,1.1633,0.08768723,50,27,77,1,1,0,4,12,371,14
lucas-boye,Granada CF,6.8034482758621,197.3,6,3,5.3303,1.89226033,413,144,557,49,8,1,12,51,2375,29
jose-callejon,Granada CF,6.6583333333333,159.8,0,1,1.2124,1.18538805,250,55,305,2,1,0,4,11,764,24
facundo-pellistri,Granada CF,6.8692307692308,89.3,2,1,1.7489,0.88811024,167,58,225,10,0,0,5,14,1070,13
kamil-jozwiak,Granada CF,6.6636363636364,73.3,0,1,0.1234,0.64993495,125,46,171,8,2,0,1,4,591,11
martin-hongla,Granada CF,6.45,77.4,0,0,0.1835,0.0717973,205,37,242,0,0,0,1,3,496,12
gerard-gumbau,Granada CF,6.83125,218.6,0,3,1.6448,3.8456238,984,287,1271,10,12,0,9,40,2504,33
gonzalo-villar,Granada CF,6.8666666666667,226.6,1,3,1.7952,2.02680048,746,143,889,23,7,0,5,21,1710,33
faitout-maouassa,Granada CF,6.82,34.1,0,1,0.1316,0.40972907,27,18,45,1,0,0,0,4,192,5
theo-corbeanu,Granada CF,6.6833333333333,40.1,1,0,0.3087,0.15166985,33,15,48,2,2,0,2,5,196,9
antonio-puertas,Granada CF,6.525,156.6,0,2,2.3961,0.57589708,142,41,183,15,3,1,5,18,768,26
sergio-ruiz-alonso,Granada CF,6.8515151515152,226.1,0,4,0.6319,1.48092487,1008,173,1181,22,8,0,1,12,2330,33
oscar-melendo,Granada CF,6.6166666666667,158.8,0,0,0.4431,1.03910623,319,68,387,11,2,0,2,6,1116,25
jesus-vallejo,Granada CF,6.4333333333333,19.3,0,0,0.0,0.01643632,74,7,81,1,1,0,0,0,115,3
kamil-piatkowski,Granada CF,6.35,38.1,0,0,0.7998,0.07581959,174,26,200,1,1,1,2,4,444,7
bruno-mendez,Granada CF,6.8133333333333,102.2,1,0,0.429,0.18527186,354,138,492,6,3,0,4,7,1229,15
ricard-sanchez,Granada CF,6.6967741935484,207.6,3,0,0.8554,2.72872163,580,184,764,19,7,0,5,14,2230,31
neva-carlos,Granada CF,6.6571428571429,233.0,0,2,0.1067,1.35353219,929,289,1218,6,4,0,0,4,3062,35
ignasi-miquel,Granada CF,6.7558823529412,229.7,1,1,1.3769,0.83810444,1261,276,1537,8,5,0,8,22,2991,34
miguel-rubio,Granada CF,6.8294117647059,116.1,1,0,0.7796,0.11307419,564,146,710,4,5,0,2,8,1379,17
raul-torrente,Granada CF,6.65,93.1,0,0,0.1559,0.22895613,556,137,693,0,3,0,0,3,1107,15
victor-diaz,Granada CF,6.25,25.0,0,0,0.0,0.00486899,45,24,69,1,1,0,0,0,161,4
augusto-batalla,Granada CF,7.0764705882353,120.3,0,0,0.0224,0.07031283,368,242,610,3,3,0,0,1,1530,17
raul-fernandez,Granada CF,6.35,25.4,0,0,0.0,0.00328552,59,36,95,0,0,0,0,0,281,4
marc-martinez,Granada CF,7.7,7.7,0,0,,0.00016362,24,3,27,0,0,0,0,0,90,1
sergio-rodelas,Granada CF,7.1,7.1,0,1,0.0188,0.474045,9,1,10,1,0,0,0,1,17,1
myrto-uzuni,Granada CF,6.75,229.5,11,1,12.9065,3.0170816,225,60,285,13,3,0,28,63,2459,34
matias-arezo,Granada CF,6.6071428571429,92.5,0,0,1.1633,0.08768723,50,27,77,1,1,0,4,12,371,14
lucas-boye,Granada CF,6.8034482758621,197.3,6,3,5.3303,1.89226033,413,144,557,49,8,1,12,51,2375,29
jose-callejon,Granada CF,6.6583333333333,159.8,0,1,1.2124,1.18538805,250,55,305,2,1,0,4,11,764,24
facundo-pellistri,Granada CF,6.8692307692308,89.3,2,1,1.7489,0.88811024,167,58,225,10,0,0,5,14,1070,13
kamil-jozwiak,Granada CF,6.6636363636364,73.3,0,1,0.1234,0.64993495,125,46,171,8,2,0,1,4,591,11
martin-hongla,Granada CF,6.45,77.4,0,0,0.1835,0.0717973,205,37,242,0,0,0,1,3,496,12
gerard-gumbau,Granada CF,6.83125,218.6,0,3,1.6448,3.8456238,984,287,1271,10,12,0,9,40,2504,33
gonzalo-villar,Granada CF,6.8666666666667,226.6,1,3,1.7952,2.02680048,746,143,889,23,7,0,5,21,1710,33
faitout-maouassa,Granada CF,6.82,34.1,0,1,0.1316,0.40972907,27,18,45,1,0,0,0,4,192,5
theo-corbeanu,Granada CF,6.6833333333333,40.1,1,0,0.3087,0.15166985,33,15,48,2,2,0,2,5,196,9
antonio-puertas,Granada CF,6.525,156.6,0,2,2.3961,0.57589708,142,41,183,15,3,1,5,18,768,26
sergio-ruiz-alonso,Granada CF,6.8515151515152,226.1,0,4,0.6319,1.48092487,1008,173,1181,22,8,0,1,12,2330,33
oscar-melendo,Granada CF,6.6166666666667,158.8,0,0,0.4431,1.03910623,319,68,387,11,2,0,2,6,1116,25
jesus-vallejo,Granada CF,6.4333333333333,19.3,0,0,0.0,0.01643632,74,7,81,1,1,0,0,0,115,3
kamil-piatkowski,Granada CF,6.35,38.1,0,0,0.7998,0.07581959,174,26,200,1,1,1,2,4,444,7
bruno-mendez,Granada CF,6.8133333333333,102.2,1,0,0.429,0.18527186,354,138,492,6,3,0,4,7,1229,15
ricard-sanchez,Granada CF,6.6967741935484,207.6,3,0,0.8554,2.72872163,580,184,764,19,7,0,5,14,2230,31
neva-carlos,Granada CF,6.6571428571429,233.0,0,2,0.1067,1.35353219,929,289,1218,6,4,0,0,4,3062,35
ignasi-miquel,Granada CF,6.7558823529412,229.7,1,1,1.3769,0.83810444,1261,276,1537,8,5,0,8,22,2991,34
miguel-rubio,Granada CF,6.8294117647059,116.1,1,0,0.7796,0.11307419,564,146,710,4,5,0,2,8,1379,17
raul-torrente,Granada CF,6.65,93.1,0,0,0.1559,0.22895613,556,137,693,0,3,0,0,3,1107,15
victor-diaz,Granada CF,6.25,25.0,0,0,0.0,0.00486899,45,24,69,1,1,0,0,0,161,4
augusto-batalla,Granada CF,7.0764705882353,120.3,0,0,0.0224,0.07031283,368,242,610,3,3,0,0,1,1530,17
raul-fernandez,Granada CF,6.35,25.4,0,0,0.0,0.00328552,59,36,95,0,0,0,0,0,281,4
marc-martinez,Granada CF,7.7,7.7,0,0,,0.00016362,24,3,27,0,0,0,0,0,90,1
sergio-rodelas,Granada CF,7.1,7.1,0,1,0.0188,0.474045,9,1,10,1,0,0,0,1,17,1
munir-el-haddadi,Las Palmas,6.7916666666667,244.5,3,2,4.317,2.75387964,554,134,688,21,3,0,12,43,2406,36
sory-kaba,Las Palmas,6.51875,104.3,1,1,1.4633,0.40304064,110,47,157,11,2,0,1,13,748,17
park-marvin,Las Palmas,6.6733333333333,200.2,0,2,0.9578,2.03901178,486,122,608,19,5,0,3,14,1768,30
sandro-ramirez,Las Palmas,6.956,173.9,1,3,3.3827,2.9406197,456,94,550,19,3,0,18,49,1671,25
marc-cardona,Las Palmas,6.8086956521739,156.6,3,1,3.6573,0.60097905,161,50,211,10,3,0,10,20,695,24
maximo-perrone,Las Palmas,6.7571428571429,189.2,0,0,0.2374,1.1505346,1175,125,1300,11,6,0,3,7,1620,28
alberto-moleiro,Las Palmas,6.8153846153846,177.2,3,3,1.746,2.61108924,513,116,629,51,0,0,8,28,1633,26
omenuke-mfulu,Las Palmas,6.66,33.3,0,0,0.0,0.02053349,53,7,60,1,1,0,0,0,92,5
kirian-rodriguez,Las Palmas,7.1314285714286,249.6,6,2,1.9095,2.7407289,2567,297,2864,23,7,0,14,40,3037,35
loiodice-enzo,Las Palmas,6.83,204.9,0,1,0.4985,1.76505442,880,162,1042,28,2,0,6,15,1694,32
jose-campana,Las Palmas,6.65,39.9,0,0,0.0151,0.05093387,130,20,150,1,0,0,0,1,156,7
javier-munoz,Las Palmas,6.7742857142857,237.1,2,3,2.4655,1.75399197,943,206,1149,12,6,0,9,36,2481,35
pejino,Las Palmas,6.7235294117647,114.3,2,0,1.3049,0.51589664,158,38,196,15,1,0,8,17,523,17
cristian-herrera,Las Palmas,6.6666666666667,40.0,1,0,0.8738,0.06533585,84,7,91,1,1,0,1,1,170,7
benito-ramirez,Las Palmas,6.6,118.8,1,0,0.3742,0.28963587,111,28,139,2,0,0,3,10,360,19
fabio-gonzalez,Las Palmas,6.7666666666667,20.3,0,0,,0.04389444,79,3,82,1,0,0,0,0,42,5
julian-araujo,Las Palmas,6.995652173913,160.9,1,0,0.6757,0.76082301,545,107,652,11,5,0,2,7,1394,24
mika-marmol,Las Palmas,6.8588235294118,233.2,0,1,0.8587,1.06666992,2176,257,2433,16,4,1,0,3,3001,34
sergi-cardona,Las Palmas,7.0941176470588,241.2,1,2,2.5982,3.61771621,1399,295,1694,17,10,0,4,25,2726,34
saul-coco,Las Palmas,6.6592592592593,179.8,1,0,1.0324,0.14933223,1166,143,1309,3,6,1,4,19,2113,28
daley-sinkgraven,Las Palmas,6.4555555555556,58.1,0,0,0.0,0.06241578,206,30,236,0,0,1,0,0,377,10
alex-suarez,Las Palmas,6.8896551724138,199.8,2,0,1.3628,0.59025869,1225,181,1406,11,7,0,5,7,2479,30
eric-curbelo,Las Palmas,6.8,6.8,0,0,0.0,0.0018225,51,2,53,0,0,0,0,0,90,1
alvaro-lemos,Las Palmas,6.6666666666667,20.0,0,0,0.0203,0.05774105,96,20,116,0,1,0,0,1,193,3
alvaro-valles,Las Palmas,7.1628571428571,250.7,0,0,0.0,0.05744847,1299,343,1642,0,2,1,0,0,3084,35
aaron-escandell,Las Palmas,6.2,12.4,0,0,,0.00221365,54,21,75,0,0,1,0,0,152,2
munir-el-haddadi,Las Palmas,6.7916666666667,244.5,3,2,4.317,2.75387964,554,134,688,21,3,0,12,43,2406,36
sory-kaba,Las Palmas,6.51875,104.3,1,1,1.4633,0.40304064,110,47,157,11,2,0,1,13,748,17
park-marvin,Las Palmas,6.6733333333333,200.2,0,2,0.9578,2.03901178,486,122,608,19,5,0,3,14,1768,30
sandro-ramirez,Las Palmas,6.956,173.9,1,3,3.3827,2.9406197,456,94,550,19,3,0,18,49,1671,25
marc-cardona,Las Palmas,6.8086956521739,156.6,3,1,3.6573,0.60097905,161,50,211,10,3,0,10,20,695,24
maximo-perrone,Las Palmas,6.7571428571429,189.2,0,0,0.2374,1.1505346,1175,125,1300,11,6,0,3,7,1620,28
alberto-moleiro,Las Palmas,6.8153846153846,177.2,3,3,1.746,2.61108924,513,116,629,51,0,0,8,28,1633,26
omenuke-mfulu,Las Palmas,6.66,33.3,0,0,0.0,0.02053349,53,7,60,1,1,0,0,0,92,5
kirian-rodriguez,Las Palmas,7.1314285714286,249.6,6,2,1.9095,2.7407289,2567,297,2864,23,7,0,14,40,3037,35
loiodice-enzo,Las Palmas,6.83,204.9,0,1,0.4985,1.76505442,880,162,1042,28,2,0,6,15,1694,32
jose-campana,Las Palmas,6.65,39.9,0,0,0.0151,0.05093387,130,20,150,1,0,0,0,1,156,7
javier-munoz,Las Palmas,6.7742857142857,237.1,2,3,2.4655,1.75399197,943,206,1149,12,6,0,9,36,2481,35
pejino,Las Palmas,6.7235294117647,114.3,2,0,1.3049,0.51589664,158,38,196,15,1,0,8,17,523,17
cristian-herrera,Las Palmas,6.6666666666667,40.0,1,0,0.8738,0.06533585,84,7,91,1,1,0,1,1,170,7
benito-ramirez,Las Palmas,6.6,118.8,1,0,0.3742,0.28963587,111,28,139,2,0,0,3,10,360,19
fabio-gonzalez,Las Palmas,6.7666666666667,20.3,0,0,,0.04389444,79,3,82,1,0,0,0,0,42,5
julian-araujo,Las Palmas,6.995652173913,160.9,1,0,0.6757,0.76082301,545,107,652,11,5,0,2,7,1394,24
mika-marmol,Las Palmas,6.8588235294118,233.2,0,1,0.8587,1.06666992,2176,257,2433,16,4,1,0,3,3001,34
sergi-cardona,Las Palmas,7.0941176470588,241.2,1,2,2.5982,3.61771621,1399,295,1694,17,10,0,4,25,2726,34
saul-coco,Las Palmas,6.6592592592593,179.8,1,0,1.0324,0.14933223,1166,143,1309,3,6,1,4,19,2113,28
daley-sinkgraven,Las Palmas,6.4555555555556,58.1,0,0,0.0,0.06241578,206,30,236,0,0,1,0,0,377,10
alex-suarez,Las Palmas,6.8896551724138,199.8,2,0,1.3628,0.59025869,1225,181,1406,11,7,0,5,7,2479,30
eric-curbelo,Las Palmas,6.8,6.8,0,0,0.0,0.0018225,51,2,53,0,0,0,0,0,90,1
alvaro-lemos,Las Palmas,6.6666666666667,20.0,0,0,0.0203,0.05774105,96,20,116,0,1,0,0,1,193,3
alvaro-valles,Las Palmas,7.1628571428571,250.7,0,0,0.0,0.05744847,1299,343,1642,0,2,1,0,0,3084,35
aaron-escandell,Las Palmas,6.2,12.4,0,0,,0.00221365,54,21,75,0,0,1,0,0,152,2
darwin-machis,Cádiz CF,6.6666666666667,140.0,4,0,1.423,1.14260818,157,62,219,6,0,1,10,21,799,21
maximiliano-gomez,Cádiz CF,6.6866666666667,200.6,0,0,1.597,0.48510382,128,102,230,4,2,0,6,16,1161,30
juanmi,Cádiz CF,6.8142857142857,95.4,3,1,2.6894,0.52379898,168,42,210,9,3,0,7,14,811,14
roger-marti,Cádiz CF,6.9095238095238,145.1,2,3,2.6305,1.19028832,181,92,273,1,3,0,12,30,1222,21
chris-ramos,Cádiz CF,6.7861111111111,244.3,5,1,9.6414,1.34639706,262,191,453,17,4,0,27,73,2542,36
sergi-guardiola,Cádiz CF,6.6666666666667,140.0,1,1,1.821,0.51301641,136,43,179,7,1,0,5,14,470,21
diadie-samassekou,Cádiz CF,6.8,20.4,0,0,0.0281,0.01587879,30,1,31,0,0,0,1,1,61,3
brian-ocampo,Cádiz CF,6.5363636363636,71.9,0,0,0.209,0.08599373,48,23,71,5,1,0,1,3,149,11
ruben-alcaraz,Cádiz CF,6.9852941176471,237.5,3,1,3.1863,1.47312783,1159,258,1417,9,13,0,11,45,2958,34
robert-navarro,Cádiz CF,6.8153846153846,177.2,1,1,1.9006,2.32277012,441,121,562,50,0,1,6,25,1751,26
gonzalo-escalante,Cádiz CF,6.6217391304348,152.3,1,2,1.9087,1.52412651,469,151,620,3,2,1,3,13,1548,23
rominigue-kouame,Cádiz CF,6.8,102.0,0,0,0.2895,0.30111202,354,56,410,7,2,0,0,5,828,16
ruben-sobrino,Cádiz CF,6.6666666666667,200.0,0,1,1.5502,1.71068288,362,113,475,14,8,1,3,19,1573,30
alex-fernandez,Cádiz CF,6.744,168.6,0,0,0.2727,1.33872252,475,84,559,4,3,0,1,7,1246,25
ivan-alejo,Cádiz CF,6.5733333333333,197.2,0,2,0.4906,2.7505395,195,109,304,24,17,0,2,11,1713,30
fede-san-emeterio,Cádiz CF,6.625,26.5,1,0,0.0569,0.15988009,42,8,50,0,1,1,1,1,165,4
jose-mari,Cádiz CF,6.6,13.2,0,0,0.0,0.00804161,16,4,20,0,1,0,0,0,27,3
aiham-ousou,Cádiz CF,6.7,40.2,0,0,0.1726,0.24795388,141,38,179,1,0,0,0,2,429,6
victor-chust,Cádiz CF,6.8190476190476,143.2,0,1,0.5319,0.23119242,779,183,962,1,3,1,0,4,1796,21
javier-hernandez,Cádiz CF,6.7740740740741,182.9,1,2,1.4096,2.69723023,622,235,857,12,8,0,7,29,2337,28
lucas-pires,Cádiz CF,6.7222222222222,181.5,1,0,0.7736,1.87176558,413,125,538,15,6,0,4,10,1455,27
fali,Cádiz CF,6.8142857142857,190.8,0,0,0.8056,0.21197904,701,215,916,3,11,0,3,11,2370,28
mamadou-mbaye,Cádiz CF,6.8,27.2,0,0,0.3444,0.01396359,47,36,83,0,2,0,1,2,286,4
iza-carcelen,Cádiz CF,6.769696969697,223.4,0,0,0.5693,1.25798123,634,219,853,13,2,0,2,9,2609,33
luis-hernandez,Cádiz CF,6.7555555555556,60.8,1,0,0.9533,0.43173673,238,65,303,0,4,0,1,1,730,9
jorge-mere,Cádiz CF,6.64,66.4,0,0,0.1711,0.0400252,165,60,225,1,0,0,1,4,687,10
joseba-zaldua,Cádiz CF,6.61,66.1,0,0,0.0137,0.71920743,87,40,127,1,3,0,0,1,548,11
jeremias-ledesma,Cádiz CF,7.1969696969697,237.5,0,0,0.0,0.15380052,556,472,1028,1,0,0,0,0,2959,33
david-gil,Cádiz CF,7.375,29.5,0,0,,0.01240351,50,58,108,0,1,0,0,0,281,4
darwin-machis,Cádiz CF,6.6666666666667,140.0,4,0,1.423,1.14260818,157,62,219,6,0,1,10,21,799,21
maximiliano-gomez,Cádiz CF,6.6866666666667,200.6,0,0,1.597,0.48510382,128,102,230,4,2,0,6,16,1161,30
juanmi,Cádiz CF,6.8142857142857,95.4,3,1,2.6894,0.52379898,168,42,210,9,3,0,7,14,811,14
roger-marti,Cádiz CF,6.9095238095238,145.1,2,3,2.6305,1.19028832,181,92,273,1,3,0,12,30,1222,21
chris-ramos,Cádiz CF,6.7861111111111,244.3,5,1,9.6414,1.34639706,262,191,453,17,4,0,27,73,2542,36
sergi-guardiola,Cádiz CF,6.6666666666667,140.0,1,1,1.821,0.51301641,136,43,179,7,1,0,5,14,470,21
diadie-samassekou,Cádiz CF,6.8,20.4,0,0,0.0281,0.01587879,30,1,31,0,0,0,1,1,61,3
brian-ocampo,Cádiz CF,6.5363636363636,71.9,0,0,0.209,0.08599373,48,23,71,5,1,0,1,3,149,11
ruben-alcaraz,Cádiz CF,6.9852941176471,237.5,3,1,3.1863,1.47312783,1159,258,1417,9,13,0,11,45,2958,34
robert-navarro,Cádiz CF,6.8153846153846,177.2,1,1,1.9006,2.32277012,441,121,562,50,0,1,6,25,1751,26
gonzalo-escalante,Cádiz CF,6.6217391304348,152.3,1,2,1.9087,1.52412651,469,151,620,3,2,1,3,13,1548,23
rominigue-kouame,Cádiz CF,6.8,102.0,0,0,0.2895,0.30111202,354,56,410,7,2,0,0,5,828,16
ruben-sobrino,Cádiz CF,6.6666666666667,200.0,0,1,1.5502,1.71068288,362,113,475,14,8,1,3,19,1573,30
alex-fernandez,Cádiz CF,6.744,168.6,0,0,0.2727,1.33872252,475,84,559,4,3,0,1,7,1246,25
ivan-alejo,Cádiz CF,6.5733333333333,197.2,0,2,0.4906,2.7505395,195,109,304,24,17,0,2,11,1713,30
fede-san-emeterio,Cádiz CF,6.625,26.5,1,0,0.0569,0.15988009,42,8,50,0,1,1,1,1,165,4
jose-mari,Cádiz CF,6.6,13.2,0,0,0.0,0.00804161,16,4,20,0,1,0,0,0,27,3
aiham-ousou,Cádiz CF,6.7,40.2,0,0,0.1726,0.24795388,141,38,179,1,0,0,0,2,429,6
victor-chust,Cádiz CF,6.8190476190476,143.2,0,1,0.5319,0.23119242,779,183,962,1,3,1,0,4,1796,21
javier-hernandez,Cádiz CF,6.7740740740741,182.9,1,2,1.4096,2.69723023,622,235,857,12,8,0,7,29,2337,28
lucas-pires,Cádiz CF,6.7222222222222,181.5,1,0,0.7736,1.87176558,413,125,538,15,6,0,4,10,1455,27
fali,Cádiz CF,6.8142857142857,190.8,0,0,0.8056,0.21197904,701,215,916,3,11,0,3,11,2370,28
mamadou-mbaye,Cádiz CF,6.8,27.2,0,0,0.3444,0.01396359,47,36,83,0,2,0,1,2,286,4
iza-carcelen,Cádiz CF,6.769696969697,223.4,0,0,0.5693,1.25798123,634,219,853,13,2,0,2,9,2609,33
luis-hernandez,Cádiz CF,6.7555555555556,60.8,1,0,0.9533,0.43173673,238,65,303,0,4,0,1,1,730,9
jorge-mere,Cádiz CF,6.64,66.4,0,0,0.1711,0.0400252,165,60,225,1,0,0,1,4,687,10
joseba-zaldua,Cádiz CF,6.61,66.1,0,0,0.0137,0.71920743,87,40,127,1,3,0,0,1,548,11
jeremias-ledesma,Cádiz CF,7.1969696969697,237.5,0,0,0.0,0.15380052,556,472,1028,1,0,0,0,0,2959,33
david-gil,Cádiz CF,7.375,29.5,0,0,,0.01240351,50,58,108,0,1,0,0,0,281,4
vedat-muriqi,RCD Mallorca,7.0777777777778,191.1,6,2,9.0247,1.76722065,379,223,602,13,5,0,24,58,2206,27
cyle-larin,RCD Mallorca,6.7030303030303,221.2,2,2,7.6732,0.53686662,177,96,273,14,8,0,24,62,1733,33
abdon-prats,RCD Mallorca,6.825,218.4,6,1,3.0928,1.19587357,128,95,223,8,3,0,11,30,1191,32
javi-llabres,RCD Mallorca,6.6357142857143,92.9,1,0,0.6281,0.31988234,41,12,53,4,1,0,3,7,206,15
nemanja-radonjic,RCD Mallorca,6.8555555555556,61.7,0,0,1.4892,0.31223207,54,24,78,17,0,0,7,9,272,9
sergi-darder,RCD Mallorca,7.0176470588235,238.6,1,5,1.8756,4.53129191,607,158,765,28,4,0,9,27,1994,34
samuel-costa,RCD Mallorca,6.890625,220.5,1,1,1.0518,0.8991426,802,226,1028,12,8,0,3,21,2260,33
dani-rodriguez,RCD Mallorca,6.8470588235294,232.8,2,4,1.3724,4.68527191,596,181,777,31,8,0,4,27,2542,34
omar-mascarell,RCD Mallorca,6.6518518518519,179.6,0,0,0.443,0.22209184,602,132,734,7,7,0,0,6,1513,27
manu-morlanes,RCD Mallorca,6.80625,217.8,0,1,0.8051,1.98312953,598,111,709,20,2,0,3,10,1513,33
antonio-sanchez,RCD Mallorca,6.7035714285714,187.7,3,1,2.5313,1.75934338,339,125,464,14,3,0,9,23,1419,28
pablo-maffeo,RCD Mallorca,6.695,133.9,0,2,0.5571,0.86936668,265,138,403,15,3,1,3,9,1436,21
matija-nastasic,RCD Mallorca,6.9230769230769,180.0,2,0,1.0201,0.69530677,785,196,981,0,8,0,2,8,2265,26
antonio-raillo,RCD Mallorca,7.1625,171.9,3,0,1.2331,0.73425425,886,150,1036,0,3,1,9,25,2022,24
giovanni-gonzalez,RCD Mallorca,6.759375,216.3,1,1,0.4533,1.71585171,733,223,956,14,7,0,4,14,2373,33
martin-valjent,RCD Mallorca,6.7846153846154,176.4,0,1,0.2397,0.60959481,732,168,900,1,5,0,0,7,2174,26
toni-lato,RCD Mallorca,6.8076923076923,177.0,0,1,0.2286,1.33545785,434,127,561,10,3,0,2,5,1544,27
jose-copete,RCD Mallorca,6.7944444444444,122.3,1,0,0.5199,0.48400003,424,116,540,4,6,0,1,6,1266,18
nacho-vidal,RCD Mallorca,6.7076923076923,87.2,1,0,1.2169,0.3051978,122,39,161,2,1,0,4,10,439,14
jaume-costa,RCD Mallorca,6.6678571428571,186.7,0,1,0.2382,1.07358305,406,125,531,8,7,0,2,5,1520,28
siebe-van-der-heyden,RCD Mallorca,6.6333333333333,39.8,0,0,0.1648,0.051160295,62,30,92,0,2,1,0,2,292,6
predrag-rajkovic,RCD Mallorca,7.0885714285714,248.1,0,0,0.0,0.14208383,605,498,1103,3,2,0,0,0,3150,35
dominik-greif,RCD Mallorca,7.8,7.8,0,0,,0.00637931,21,8,29,0,0,0,0,0,90,1
vedat-muriqi,RCD Mallorca,7.0777777777778,191.1,6,2,9.0247,1.76722065,379,223,602,13,5,0,24,58,2206,27
cyle-larin,RCD Mallorca,6.7030303030303,221.2,2,2,7.6732,0.53686662,177,96,273,14,8,0,24,62,1733,33
abdon-prats,RCD Mallorca,6.825,218.4,6,1,3.0928,1.19587357,128,95,223,8,3,0,11,30,1191,32
javi-llabres,RCD Mallorca,6.6357142857143,92.9,1,0,0.6281,0.31988234,41,12,53,4,1,0,3,7,206,15
nemanja-radonjic,RCD Mallorca,6.8555555555556,61.7,0,0,1.4892,0.31223207,54,24,78,17,0,0,7,9,272,9
sergi-darder,RCD Mallorca,7.0176470588235,238.6,1,5,1.8756,4.53129191,607,158,765,28,4,0,9,27,1994,34
samuel-costa,RCD Mallorca,6.890625,220.5,1,1,1.0518,0.8991426,802,226,1028,12,8,0,3,21,2260,33
dani-rodriguez,RCD Mallorca,6.8470588235294,232.8,2,4,1.3724,4.68527191,596,181,777,31,8,0,4,27,2542,34
omar-mascarell,RCD Mallorca,6.6518518518519,179.6,0,0,0.443,0.22209184,602,132,734,7,7,0,0,6,1513,27
manu-morlanes,RCD Mallorca,6.80625,217.8,0,1,0.8051,1.98312953,598,111,709,20,2,0,3,10,1513,33
antonio-sanchez,RCD Mallorca,6.7035714285714,187.7,3,1,2.5313,1.75934338,339,125,464,14,3,0,9,23,1419,28
pablo-maffeo,RCD Mallorca,6.695,133.9,0,2,0.5571,0.86936668,265,138,403,15,3,1,3,9,1436,21
matija-nastasic,RCD Mallorca,6.9230769230769,180.0,2,0,1.0201,0.69530677,785,196,981,0,8,0,2,8,2265,26
antonio-raillo,RCD Mallorca,7.1625,171.9,3,0,1.2331,0.73425425,886,150,1036,0,3,1,9,25,2022,24
giovanni-gonzalez,RCD Mallorca,6.759375,216.3,1,1,0.4533,1.71585171,733,223,956,14,7,0,4,14,2373,33
martin-valjent,RCD Mallorca,6.7846153846154,176.4,0,1,0.2397,0.60959481,732,168,900,1,5,0,0,7,2174,26
toni-lato,RCD Mallorca,6.8076923076923,177.0,0,1,0.2286,1.33545785,434,127,561,10,3,0,2,5,1544,27
jose-copete,RCD Mallorca,6.7944444444444,122.3,1,0,0.5199,0.48400003,424,116,540,4,6,0,1,6,1266,18
nacho-vidal,RCD Mallorca,6.7076923076923,87.2,1,0,1.2169,0.3051978,122,39,161,2,1,0,4,10,439,14
jaume-costa,RCD Mallorca,6.6678571428571,186.7,0,1,0.2382,1.07358305,406,125,531,8,7,0,2,5,1520,28
siebe-van-der-heyden,RCD Mallorca,6.6333333333333,39.8,0,0,0.1648,0.051160295,62,30,92,0,2,1,0,2,292,6
predrag-rajkovic,RCD Mallorca,7.0885714285714,248.1,0,0,0.0,0.14208383,605,498,1103,3,2,0,0,0,3150,35
dominik-greif,RCD Mallorca,7.8,7.8,0,0,,0.00637931,21,8,29,0,0,0,0,0,90,1
radamel-falcao,Rayo Vallecano,6.6,132.0,1,0,2.4385,0.28759222,75,17,92,3,4,0,7,15,324,20
raul-de-tomas,Rayo Vallecano,6.7375,161.7,1,2,3.3565,0.38916391,201,52,253,20,5,0,12,39,1255,24
sergio-camello,Rayo Vallecano,6.7033333333333,201.1,3,1,4.5283,1.16754164,264,96,360,15,3,0,13,33,1597,30
randy-nteka,Rayo Vallecano,6.49375,103.9,1,1,2.3288,0.85096314,128,45,173,7,2,0,6,15,578,16
ismaila-ciss,Rayo Vallecano,6.8896551724138,199.8,1,0,1.4749,0.64165089,667,130,797,16,10,0,7,20,1495,29
isi-palazon,Rayo Vallecano,6.9228571428571,242.3,4,1,5.5649,2.09920469,768,263,1031,32,8,0,32,68,2709,35
miguel-crespo,Rayo Vallecano,6.8,88.4,0,0,0.0507,0.44510665,202,36,238,11,3,0,0,2,476,13
alvaro-garcia,Rayo Vallecano,6.96,208.8,6,1,5.1011,2.74466085,424,205,629,9,6,1,15,37,2327,30
oscar-trejo,Rayo Vallecano,6.5633333333333,196.9,0,0,0.8225,2.09187594,596,105,701,31,4,1,2,16,1319,30
bebe,Rayo Vallecano,6.6722222222222,120.1,2,0,1.4377,0.53156544,41,18,59,12,1,0,5,15,241,18
jorge-de-frutos,Rayo Vallecano,6.65,226.1,2,0,2.4473,1.0203838,291,88,379,15,1,0,10,26,1433,34
oscar-valentin,Rayo Vallecano,6.8636363636364,226.5,1,0,1.6754,0.65165605,989,218,1207,7,4,1,7,15,2639,33
unai-lopez,Rayo Vallecano,6.8242424242424,225.2,1,2,1.1148,2.52581539,1097,205,1302,22,9,0,5,29,2034,33
kike-perez,Rayo Vallecano,6.6260869565217,152.4,1,0,1.8863,0.86646478,262,67,329,9,7,0,5,13,837,23
jose-pozo,Rayo Vallecano,6.6,13.2,0,0,,0.00458151,11,0,11,0,0,0,0,0,17,2
abdul-mumin,Rayo Vallecano,6.8947368421053,131.0,1,0,0.3675,0.13044307,594,146,740,1,4,1,1,5,1615,19
andrei-ratiu,Rayo Vallecano,6.47,64.7,0,0,0.2863,0.09977529,149,39,188,9,1,0,1,6,522,10
florian-lejeune,Rayo Vallecano,7.0485714285714,246.7,3,1,3.0791,0.80557437,1557,348,1905,4,5,0,19,63,3148,35
alfonso-espino,Rayo Vallecano,6.7633333333333,202.9,0,1,1.0047,2.44164066,820,270,1090,23,9,0,5,18,2422,30
ivan-balliu,Rayo Vallecano,6.840625,218.9,0,1,0.6803,2.29563707,789,236,1025,7,4,0,4,11,2786,32
aridane-hernandez,Rayo Vallecano,6.8,122.4,0,0,0.2333,0.09074263,616,105,721,1,3,0,0,4,1601,18
josep-chavarria,Rayo Vallecano,6.705,134.1,1,1,0.9718,0.96826253,466,116,582,9,3,1,2,11,1072,20
stole-dimitrievski,Rayo Vallecano,6.95,250.2,0,0,0.0,0.06299084,560,445,1005,1,2,0,0,0,3240,36
radamel-falcao,Rayo Vallecano,6.6,132.0,1,0,2.4385,0.28759222,75,17,92,3,4,0,7,15,324,20
raul-de-tomas,Rayo Vallecano,6.7375,161.7,1,2,3.3565,0.38916391,201,52,253,20,5,0,12,39,1255,24
sergio-camello,Rayo Vallecano,6.7033333333333,201.1,3,1,4.5283,1.16754164,264,96,360,15,3,0,13,33,1597,30
randy-nteka,Rayo Vallecano,6.49375,103.9,1,1,2.3288,0.85096314,128,45,173,7,2,0,6,15,578,16
ismaila-ciss,Rayo Vallecano,6.8896551724138,199.8,1,0,1.4749,0.64165089,667,130,797,16,10,0,7,20,1495,29
isi-palazon,Rayo Vallecano,6.9228571428571,242.3,4,1,5.5649,2.09920469,768,263,1031,32,8,0,32,68,2709,35
miguel-crespo,Rayo Vallecano,6.8,88.4,0,0,0.0507,0.44510665,202,36,238,11,3,0,0,2,476,13
alvaro-garcia,Rayo Vallecano,6.96,208.8,6,1,5.1011,2.74466085,424,205,629,9,6,1,15,37,2327,30
oscar-trejo,Rayo Vallecano,6.5633333333333,196.9,0,0,0.8225,2.09187594,596,105,701,31,4,1,2,16,1319,30
bebe,Rayo Vallecano,6.6722222222222,120.1,2,0,1.4377,0.53156544,41,18,59,12,1,0,5,15,241,18
jorge-de-frutos,Rayo Vallecano,6.65,226.1,2,0,2.4473,1.0203838,291,88,379,15,1,0,10,26,1433,34
oscar-valentin,Rayo Vallecano,6.8636363636364,226.5,1,0,1.6754,0.65165605,989,218,1207,7,4,1,7,15,2639,33
unai-lopez,Rayo Vallecano,6.8242424242424,225.2,1,2,1.1148,2.52581539,1097,205,1302,22,9,0,5,29,2034,33
kike-perez,Rayo Vallecano,6.6260869565217,152.4,1,0,1.8863,0.86646478,262,67,329,9,7,0,5,13,837,23
jose-pozo,Rayo Vallecano,6.6,13.2,0,0,,0.00458151,11,0,11,0,0,0,0,0,17,2
abdul-mumin,Rayo Vallecano,6.8947368421053,131.0,1,0,0.3675,0.13044307,594,146,740,1,4,1,1,5,1615,19
andrei-ratiu,Rayo Vallecano,6.47,64.7,0,0,0.2863,0.09977529,149,39,188,9,1,0,1,6,522,10
florian-lejeune,Rayo Vallecano,7.0485714285714,246.7,3,1,3.0791,0.80557437,1557,348,1905,4,5,0,19,63,3148,35
alfonso-espino,Rayo Vallecano,6.7633333333333,202.9,0,1,1.0047,2.44164066,820,270,1090,23,9,0,5,18,2422,30
ivan-balliu,Rayo Vallecano,6.840625,218.9,0,1,0.6803,2.29563707,789,236,1025,7,4,0,4,11,2786,32
aridane-hernandez,Rayo Vallecano,6.8,122.4,0,0,0.2333,0.09074263,616,105,721,1,3,0,0,4,1601,18
josep-chavarria,Rayo Vallecano,6.705,134.1,1,1,0.9718,0.96826253,466,116,582,9,3,1,2,11,1072,20
stole-dimitrievski,Rayo Vallecano,6.95,250.2,0,0,0.0,0.06299084,560,445,1005,1,2,0,0,0,3240,36
luis-javier-suarez,Almería,6.9692307692308,90.6,4,0,5.5215,0.49102015,122,35,157,10,2,0,12,33,784,13
largie-ramazani,Almería,6.7310344827586,195.2,3,5,4.721,2.39588437,195,108,303,31,7,2,13,40,1576,29
ibrahima-kone,Almería,6.5375,52.3,0,0,0.3576,0.44668996,33,16,49,1,0,0,2,3,281,8
anthony-lozano,Almería,6.6388888888889,119.5,3,0,3.4399,0.37925918,100,39,139,5,2,0,8,26,848,18
leo-baptistao,Almería,6.84,205.2,6,0,5.2697,0.98691743,333,168,501,11,6,1,18,48,1810,30
marko-milovanovic,Almería,6.5909090909091,72.5,1,0,1.532,0.11037717,43,24,67,1,0,0,1,5,316,11
luka-romero,Almería,6.6909090909091,73.6,3,0,1.2517,0.09859805,111,9,120,5,1,0,3,7,369,11
sergio-arribas,Almería,6.98125,223.4,6,3,6.9595,3.03688919,505,108,613,14,0,0,17,51,1938,32
iddrisu-baba,Almería,6.704,167.6,0,0,0.7161,0.44437255,541,106,647,14,5,0,2,8,1442,25
dion-lopy,Almería,6.8733333333333,206.2,0,0,1.2696,0.71437266,736,130,866,29,5,0,8,23,1927,30
lucas-robertone,Almería,7.1129032258065,220.5,0,5,0.9369,2.08645343,1002,194,1196,8,10,0,13,35,2269,31
jonathan-viera,Almería,7.12,142.4,2,3,3.2096,2.2152528,865,106,971,17,2,1,9,23,1458,20
adrian-embarba,Almería,6.9058823529412,234.8,3,1,4.0886,3.53841086,526,176,702,42,4,0,24,60,2387,34
gonzalo-melero,Almería,6.5653846153846,170.7,0,1,1.7417,0.88104287,328,69,397,6,3,0,3,12,1018,26
pena-marcos,Almería,6.8428571428571,47.9,0,0,0.1729,0.02507911,188,29,217,0,3,0,1,4,439,7
cesar-montes,Almería,6.655,133.1,0,0,0.7015,0.38655037,721,206,927,3,5,0,2,13,1702,20
bruno-langa,Almería,6.6666666666667,60.0,0,0,0.1217,0.1669709,190,62,252,9,1,1,1,6,639,9
chumi,Almería,6.6103448275862,191.7,0,1,0.9678,0.63208101,945,146,1091,5,4,0,1,5,2257,29
edgar-gonzalez,Almería,6.7310344827586,195.2,2,0,2.3368,0.28869303,1085,188,1273,7,5,1,3,13,2393,29
marc-pubill,Almería,6.8590909090909,150.9,1,3,0.6457,0.8209026,509,155,664,28,2,0,3,18,1799,22
alejandro-pozo,Almería,6.505,130.1,0,0,0.4034,0.75840721,315,95,410,1,3,0,3,4,902,20
aleksandar-radovanovic,Almería,6.9285714285714,48.5,0,0,0.0353,0.00756387,159,11,170,0,2,0,0,1,496,7
centelles-alex,Almería,6.5692307692308,85.4,0,1,0.0354,0.94766185,290,92,382,2,2,0,1,2,897,13
luis-maximiano,Almería,7.0090909090909,231.3,0,0,0.0,0.03809096,691,422,1113,3,1,0,0,0,2970,33
fernando-martinez,Almería,6.35,12.7,0,0,,0.00579947,40,29,69,0,0,0,0,0,180,2
diego-marino,Almería,6.8,6.8,0,0,0.0,0.00041016,17,4,21,0,0,0,0,0,90,1
luis-javier-suarez,Almería,6.9692307692308,90.6,4,0,5.5215,0.49102015,122,35,157,10,2,0,12,33,784,13
largie-ramazani,Almería,6.7310344827586,195.2,3,5,4.721,2.39588437,195,108,303,31,7,2,13,40,1576,29
ibrahima-kone,Almería,6.5375,52.3,0,0,0.3576,0.44668996,33,16,49,1,0,0,2,3,281,8
anthony-lozano,Almería,6.6388888888889,119.5,3,0,3.4399,0.37925918,100,39,139,5,2,0,8,26,848,18
leo-baptistao,Almería,6.84,205.2,6,0,5.2697,0.98691743,333,168,501,11,6,1,18,48,1810,30
marko-milovanovic,Almería,6.5909090909091,72.5,1,0,1.532,0.11037717,43,24,67,1,0,0,1,5,316,11
luka-romero,Almería,6.6909090909091,73.6,3,0,1.2517,0.09859805,111,9,120,5,1,0,3,7,369,11
sergio-arribas,Almería,6.98125,223.4,6,3,6.9595,3.03688919,505,108,613,14,0,0,17,51,1938,32
iddrisu-baba,Almería,6.704,167.6,0,0,0.7161,0.44437255,541,106,647,14,5,0,2,8,1442,25
dion-lopy,Almería,6.8733333333333,206.2,0,0,1.2696,0.71437266,736,130,866,29,5,0,8,23,1927,30
lucas-robertone,Almería,7.1129032258065,220.5,0,5,0.9369,2.08645343,1002,194,1196,8,10,0,13,35,2269,31
jonathan-viera,Almería,7.12,142.4,2,3,3.2096,2.2152528,865,106,971,17,2,1,9,23,1458,20
adrian-embarba,Almería,6.9058823529412,234.8,3,1,4.0886,3.53841086,526,176,702,42,4,0,24,60,2387,34
gonzalo-melero,Almería,6.5653846153846,170.7,0,1,1.7417,0.88104287,328,69,397,6,3,0,3,12,1018,26
pena-marcos,Almería,6.8428571428571,47.9,0,0,0.1729,0.02507911,188,29,217,0,3,0,1,4,439,7
cesar-montes,Almería,6.655,133.1,0,0,0.7015,0.38655037,721,206,927,3,5,0,2,13,1702,20
bruno-langa,Almería,6.6666666666667,60.0,0,0,0.1217,0.1669709,190,62,252,9,1,1,1,6,639,9
chumi,Almería,6.6103448275862,191.7,0,1,0.9678,0.63208101,945,146,1091,5,4,0,1,5,2257,29
edgar-gonzalez,Almería,6.7310344827586,195.2,2,0,2.3368,0.28869303,1085,188,1273,7,5,1,3,13,2393,29
marc-pubill,Almería,6.8590909090909,150.9,1,3,0.6457,0.8209026,509,155,664,28,2,0,3,18,1799,22
alejandro-pozo,Almería,6.505,130.1,0,0,0.4034,0.75840721,315,95,410,1,3,0,3,4,902,20
aleksandar-radovanovic,Almería,6.9285714285714,48.5,0,0,0.0353,0.00756387,159,11,170,0,2,0,0,1,496,7
centelles-alex,Almería,6.5692307692308,85.4,0,1,0.0354,0.94766185,290,92,382,2,2,0,1,2,897,13
luis-maximiano,Almería,7.0090909090909,231.3,0,0,0.0,0.03809096,691,422,1113,3,1,0,0,0,2970,33
fernando-martinez,Almería,6.35,12.7,0,0,,0.00579947,40,29,69,0,0,0,0,0,180,2
diego-marino,Almería,6.8,6.8,0,0,0.0,0.00041016,17,4,21,0,0,0,0,0,90,1
